"TIME","TEMP","YEAR","MONTH","DAY","WDAY","HOUR","MINUTE"
"2017-04-08 00:00:00",50.1843719482422,2017,"Apr",8,"Sat",0,0
"2017-04-08 00:01:00",49.7306938171387,2017,"Apr",8,"Sat",0,1
"2017-04-08 00:02:00",49.8115234375,2017,"Apr",8,"Sat",0,2
"2017-04-08 00:03:00",50.1448631286621,2017,"Apr",8,"Sat",0,3
"2017-04-08 00:04:00",50.1636161804199,2017,"Apr",8,"Sat",0,4
"2017-04-08 00:05:00",50.0526123046875,2017,"Apr",8,"Sat",0,5
"2017-04-08 00:06:00",49.9746856689453,2017,"Apr",8,"Sat",0,6
"2017-04-08 00:07:00",49.9821815490723,2017,"Apr",8,"Sat",0,7
"2017-04-08 00:08:00",49.6537017822266,2017,"Apr",8,"Sat",0,8
"2017-04-08 00:09:00",50.1003303527832,2017,"Apr",8,"Sat",0,9
"2017-04-08 00:10:00",49.9471588134766,2017,"Apr",8,"Sat",0,10
"2017-04-08 00:11:00",50.1217918395996,2017,"Apr",8,"Sat",0,11
"2017-04-08 00:12:00",49.9464263916016,2017,"Apr",8,"Sat",0,12
"2017-04-08 00:13:00",49.9261894226074,2017,"Apr",8,"Sat",0,13
"2017-04-08 00:14:00",49.8706665039062,2017,"Apr",8,"Sat",0,14
"2017-04-08 00:15:00",49.9011192321777,2017,"Apr",8,"Sat",0,15
"2017-04-08 00:16:00",50.0043106079102,2017,"Apr",8,"Sat",0,16
"2017-04-08 00:17:00",49.9929809570312,2017,"Apr",8,"Sat",0,17
"2017-04-08 00:18:00",50.0020065307617,2017,"Apr",8,"Sat",0,18
"2017-04-08 00:19:00",49.9207191467285,2017,"Apr",8,"Sat",0,19
"2017-04-08 00:20:00",49.8146629333496,2017,"Apr",8,"Sat",0,20
"2017-04-08 00:21:00",49.9162864685059,2017,"Apr",8,"Sat",0,21
"2017-04-08 00:22:00",50.1204833984375,2017,"Apr",8,"Sat",0,22
"2017-04-08 00:23:00",50.104907989502,2017,"Apr",8,"Sat",0,23
"2017-04-08 00:24:00",50.0552978515625,2017,"Apr",8,"Sat",0,24
"2017-04-08 00:25:00",49.9207191467285,2017,"Apr",8,"Sat",0,25
"2017-04-08 00:26:00",49.9207191467285,2017,"Apr",8,"Sat",0,26
"2017-04-08 00:27:00",49.8146629333496,2017,"Apr",8,"Sat",0,27
"2017-04-08 00:28:00",50.0509414672852,2017,"Apr",8,"Sat",0,28
"2017-04-08 00:29:00",50.1074981689453,2017,"Apr",8,"Sat",0,29
"2017-04-08 00:30:00",50.093578338623,2017,"Apr",8,"Sat",0,30
"2017-04-08 00:31:00",50.0213165283203,2017,"Apr",8,"Sat",0,31
"2017-04-08 00:32:00",49.9207191467285,2017,"Apr",8,"Sat",0,32
"2017-04-08 00:33:00",49.8706665039062,2017,"Apr",8,"Sat",0,33
"2017-04-08 00:34:00",49.8602828979492,2017,"Apr",8,"Sat",0,34
"2017-04-08 00:35:00",50.0509414672852,2017,"Apr",8,"Sat",0,35
"2017-04-08 00:36:00",49.9929809570312,2017,"Apr",8,"Sat",0,36
"2017-04-08 00:37:00",49.9586906433105,2017,"Apr",8,"Sat",0,37
"2017-04-08 00:38:00",49.9207191467285,2017,"Apr",8,"Sat",0,38
"2017-04-08 00:39:00",49.9207191467285,2017,"Apr",8,"Sat",0,39
"2017-04-08 00:40:00",49.9086380004883,2017,"Apr",8,"Sat",0,40
"2017-04-08 00:41:00",49.8982543945312,2017,"Apr",8,"Sat",0,41
"2017-04-08 00:42:00",50.0043106079102,2017,"Apr",8,"Sat",0,42
"2017-04-08 00:43:00",49.9586906433105,2017,"Apr",8,"Sat",0,43
"2017-04-08 00:44:00",49.9586906433105,2017,"Apr",8,"Sat",0,44
"2017-04-08 00:45:00",49.9207191467285,2017,"Apr",8,"Sat",0,45
"2017-04-08 00:46:00",49.9586906433105,2017,"Apr",8,"Sat",0,46
"2017-04-08 00:47:00",49.9586906433105,2017,"Apr",8,"Sat",0,47
"2017-04-08 00:48:00",49.8526344299316,2017,"Apr",8,"Sat",0,48
"2017-04-08 00:49:00",49.9586906433105,2017,"Apr",8,"Sat",0,49
"2017-04-08 00:50:00",49.9586906433105,2017,"Apr",8,"Sat",0,50
"2017-04-08 00:51:00",49.9586906433105,2017,"Apr",8,"Sat",0,51
"2017-04-08 00:52:00",49.9586906433105,2017,"Apr",8,"Sat",0,52
"2017-04-08 00:53:00",49.9586906433105,2017,"Apr",8,"Sat",0,53
"2017-04-08 00:54:00",49.9586906433105,2017,"Apr",8,"Sat",0,54
"2017-04-08 00:55:00",49.8526344299316,2017,"Apr",8,"Sat",0,55
"2017-04-08 00:56:00",49.9586906433105,2017,"Apr",8,"Sat",0,56
"2017-04-08 00:57:00",49.9586906433105,2017,"Apr",8,"Sat",0,57
"2017-04-08 00:58:00",49.9586906433105,2017,"Apr",8,"Sat",0,58
"2017-04-08 00:59:00",49.9586906433105,2017,"Apr",8,"Sat",0,59
"2017-04-08 01:00:00",49.8579788208008,2017,"Apr",8,"Sat",1,0
"2017-04-08 01:01:00",49.9913864135742,2017,"Apr",8,"Sat",1,1
"2017-04-08 01:02:00",49.8752861022949,2017,"Apr",8,"Sat",1,2
"2017-04-08 01:03:00",50.0302772521973,2017,"Apr",8,"Sat",1,3
"2017-04-08 01:04:00",49.8395652770996,2017,"Apr",8,"Sat",1,4
"2017-04-08 01:05:00",49.9551696777344,2017,"Apr",8,"Sat",1,5
"2017-04-08 01:06:00",49.9415817260742,2017,"Apr",8,"Sat",1,6
"2017-04-08 01:07:00",49.8542633056641,2017,"Apr",8,"Sat",1,7
"2017-04-08 01:08:00",49.7749519348145,2017,"Apr",8,"Sat",1,8
"2017-04-08 01:09:00",49.7385215759277,2017,"Apr",8,"Sat",1,9
"2017-04-08 01:10:00",49.8071708679199,2017,"Apr",8,"Sat",1,10
"2017-04-08 01:11:00",49.6079292297363,2017,"Apr",8,"Sat",1,11
"2017-04-08 01:12:00",49.7926292419434,2017,"Apr",8,"Sat",1,12
"2017-04-08 01:13:00",49.6737327575684,2017,"Apr",8,"Sat",1,13
"2017-04-08 01:14:00",49.9240646362305,2017,"Apr",8,"Sat",1,14
"2017-04-08 01:15:00",49.8721046447754,2017,"Apr",8,"Sat",1,15
"2017-04-08 01:16:00",49.9043998718262,2017,"Apr",8,"Sat",1,16
"2017-04-08 01:17:00",50.0910110473633,2017,"Apr",8,"Sat",1,17
"2017-04-08 01:18:00",50.0349311828613,2017,"Apr",8,"Sat",1,18
"2017-04-08 01:19:00",49.6846656799316,2017,"Apr",8,"Sat",1,19
"2017-04-08 01:20:00",49.9302406311035,2017,"Apr",8,"Sat",1,20
"2017-04-08 01:21:00",50.1298980712891,2017,"Apr",8,"Sat",1,21
"2017-04-08 01:22:00",49.962474822998,2017,"Apr",8,"Sat",1,22
"2017-04-08 01:23:00",49.8987693786621,2017,"Apr",8,"Sat",1,23
"2017-04-08 01:24:00",50.0395050048828,2017,"Apr",8,"Sat",1,24
"2017-04-08 01:25:00",49.7089309692383,2017,"Apr",8,"Sat",1,25
"2017-04-08 01:26:00",50.0011672973633,2017,"Apr",8,"Sat",1,26
"2017-04-08 01:27:00",49.9051628112793,2017,"Apr",8,"Sat",1,27
"2017-04-08 01:28:00",50.0228500366211,2017,"Apr",8,"Sat",1,28
"2017-04-08 01:29:00",50.1001586914062,2017,"Apr",8,"Sat",1,29
"2017-04-08 01:30:00",50.0514488220215,2017,"Apr",8,"Sat",1,30
"2017-04-08 01:31:00",49.7974967956543,2017,"Apr",8,"Sat",1,31
"2017-04-08 01:32:00",49.875846862793,2017,"Apr",8,"Sat",1,32
"2017-04-08 01:33:00",49.8826866149902,2017,"Apr",8,"Sat",1,33
"2017-04-08 01:34:00",49.9151992797852,2017,"Apr",8,"Sat",1,34
"2017-04-08 01:35:00",49.919921875,2017,"Apr",8,"Sat",1,35
"2017-04-08 01:36:00",50.045036315918,2017,"Apr",8,"Sat",1,36
"2017-04-08 01:37:00",49.8957901000977,2017,"Apr",8,"Sat",1,37
"2017-04-08 01:38:00",50.0961875915527,2017,"Apr",8,"Sat",1,38
"2017-04-08 01:39:00",50.0716285705566,2017,"Apr",8,"Sat",1,39
"2017-04-08 01:40:00",50.0019416809082,2017,"Apr",8,"Sat",1,40
"2017-04-08 01:41:00",50.0731620788574,2017,"Apr",8,"Sat",1,41
"2017-04-08 01:42:00",50.082462310791,2017,"Apr",8,"Sat",1,42
"2017-04-08 01:43:00",49.935489654541,2017,"Apr",8,"Sat",1,43
"2017-04-08 01:44:00",49.9763107299805,2017,"Apr",8,"Sat",1,44
"2017-04-08 01:45:00",50.1465644836426,2017,"Apr",8,"Sat",1,45
"2017-04-08 01:46:00",50.0462341308594,2017,"Apr",8,"Sat",1,46
"2017-04-08 01:47:00",50.0681037902832,2017,"Apr",8,"Sat",1,47
"2017-04-08 01:48:00",50.082462310791,2017,"Apr",8,"Sat",1,48
"2017-04-08 01:49:00",50.0019416809082,2017,"Apr",8,"Sat",1,49
"2017-04-08 01:50:00",50.1113777160645,2017,"Apr",8,"Sat",1,50
"2017-04-08 01:51:00",50.0427627563477,2017,"Apr",8,"Sat",1,51
"2017-04-08 01:52:00",50.1465644836426,2017,"Apr",8,"Sat",1,52
"2017-04-08 01:53:00",50.1544723510742,2017,"Apr",8,"Sat",1,53
"2017-04-08 01:54:00",50.1332473754883,2017,"Apr",8,"Sat",1,54
"2017-04-08 01:55:00",50.0117301940918,2017,"Apr",8,"Sat",1,55
"2017-04-08 01:56:00",50.082462310791,2017,"Apr",8,"Sat",1,56
"2017-04-08 01:57:00",50.1024971008301,2017,"Apr",8,"Sat",1,57
"2017-04-08 01:58:00",50.0053367614746,2017,"Apr",8,"Sat",1,58
"2017-04-08 01:59:00",50.1529769897461,2017,"Apr",8,"Sat",1,59
"2017-04-08 02:00:00",49.3679618835449,2017,"Apr",8,"Sat",2,0
"2017-04-08 02:01:00",49.5533065795898,2017,"Apr",8,"Sat",2,1
"2017-04-08 02:02:00",49.6498718261719,2017,"Apr",8,"Sat",2,2
"2017-04-08 02:03:00",49.6614036560059,2017,"Apr",8,"Sat",2,3
"2017-04-08 02:04:00",49.8862266540527,2017,"Apr",8,"Sat",2,4
"2017-04-08 02:05:00",49.8450050354004,2017,"Apr",8,"Sat",2,5
"2017-04-08 02:06:00",49.5980529785156,2017,"Apr",8,"Sat",2,6
"2017-04-08 02:07:00",49.7882118225098,2017,"Apr",8,"Sat",2,7
"2017-04-08 02:08:00",49.6973876953125,2017,"Apr",8,"Sat",2,8
"2017-04-08 02:09:00",49.5604133605957,2017,"Apr",8,"Sat",2,9
"2017-04-08 02:10:00",49.7689208984375,2017,"Apr",8,"Sat",2,10
"2017-04-08 02:11:00",50.0186614990234,2017,"Apr",8,"Sat",2,11
"2017-04-08 02:12:00",49.9125061035156,2017,"Apr",8,"Sat",2,12
"2017-04-08 02:13:00",49.8037757873535,2017,"Apr",8,"Sat",2,13
"2017-04-08 02:14:00",49.8805847167969,2017,"Apr",8,"Sat",2,14
"2017-04-08 02:15:00",49.7749824523926,2017,"Apr",8,"Sat",2,15
"2017-04-08 02:16:00",50.1722106933594,2017,"Apr",8,"Sat",2,16
"2017-04-08 02:17:00",49.8760375976562,2017,"Apr",8,"Sat",2,17
"2017-04-08 02:18:00",49.8946228027344,2017,"Apr",8,"Sat",2,18
"2017-04-08 02:19:00",49.9845123291016,2017,"Apr",8,"Sat",2,19
"2017-04-08 02:20:00",50.0293312072754,2017,"Apr",8,"Sat",2,20
"2017-04-08 02:21:00",49.8946228027344,2017,"Apr",8,"Sat",2,21
"2017-04-08 02:22:00",49.7749824523926,2017,"Apr",8,"Sat",2,22
"2017-04-08 02:23:00",49.9891204833984,2017,"Apr",8,"Sat",2,23
"2017-04-08 02:24:00",49.8900756835938,2017,"Apr",8,"Sat",2,24
"2017-04-08 02:25:00",49.8946228027344,2017,"Apr",8,"Sat",2,25
"2017-04-08 02:26:00",49.8946228027344,2017,"Apr",8,"Sat",2,26
"2017-04-08 02:27:00",49.8946228027344,2017,"Apr",8,"Sat",2,27
"2017-04-08 02:28:00",49.8365478515625,2017,"Apr",8,"Sat",2,28
"2017-04-08 02:29:00",49.801944732666,2017,"Apr",8,"Sat",2,29
"2017-04-08 02:30:00",49.9891204833984,2017,"Apr",8,"Sat",2,30
"2017-04-08 02:31:00",49.8900756835938,2017,"Apr",8,"Sat",2,31
"2017-04-08 02:32:00",49.8946228027344,2017,"Apr",8,"Sat",2,32
"2017-04-08 02:33:00",49.8946228027344,2017,"Apr",8,"Sat",2,33
"2017-04-08 02:34:00",49.8946228027344,2017,"Apr",8,"Sat",2,34
"2017-04-08 02:35:00",49.8946228027344,2017,"Apr",8,"Sat",2,35
"2017-04-08 02:36:00",49.7749824523926,2017,"Apr",8,"Sat",2,36
"2017-04-08 02:37:00",49.9891204833984,2017,"Apr",8,"Sat",2,37
"2017-04-08 02:38:00",49.8900756835938,2017,"Apr",8,"Sat",2,38
"2017-04-08 02:39:00",49.8946228027344,2017,"Apr",8,"Sat",2,39
"2017-04-08 02:40:00",49.8946228027344,2017,"Apr",8,"Sat",2,40
"2017-04-08 02:41:00",49.8946228027344,2017,"Apr",8,"Sat",2,41
"2017-04-08 02:42:00",49.8946228027344,2017,"Apr",8,"Sat",2,42
"2017-04-08 02:43:00",49.7749824523926,2017,"Apr",8,"Sat",2,43
"2017-04-08 02:44:00",49.9891204833984,2017,"Apr",8,"Sat",2,44
"2017-04-08 02:45:00",49.8900756835938,2017,"Apr",8,"Sat",2,45
"2017-04-08 02:46:00",49.8946228027344,2017,"Apr",8,"Sat",2,46
"2017-04-08 02:47:00",49.8946228027344,2017,"Apr",8,"Sat",2,47
"2017-04-08 02:48:00",49.8946228027344,2017,"Apr",8,"Sat",2,48
"2017-04-08 02:49:00",49.8946228027344,2017,"Apr",8,"Sat",2,49
"2017-04-08 02:50:00",49.7749824523926,2017,"Apr",8,"Sat",2,50
"2017-04-08 02:51:00",49.9891204833984,2017,"Apr",8,"Sat",2,51
"2017-04-08 02:52:00",49.8900756835938,2017,"Apr",8,"Sat",2,52
"2017-04-08 02:53:00",49.8946228027344,2017,"Apr",8,"Sat",2,53
"2017-04-08 02:54:00",49.8946228027344,2017,"Apr",8,"Sat",2,54
"2017-04-08 02:55:00",49.8946228027344,2017,"Apr",8,"Sat",2,55
"2017-04-08 02:56:00",49.8946228027344,2017,"Apr",8,"Sat",2,56
"2017-04-08 02:57:00",49.7749824523926,2017,"Apr",8,"Sat",2,57
"2017-04-08 02:58:00",49.9891204833984,2017,"Apr",8,"Sat",2,58
"2017-04-08 02:59:00",49.8900756835938,2017,"Apr",8,"Sat",2,59
"2017-04-08 03:00:00",49.8463706970215,2017,"Apr",8,"Sat",3,0
"2017-04-08 03:01:00",50.0236968994141,2017,"Apr",8,"Sat",3,1
"2017-04-08 03:02:00",50.0042114257812,2017,"Apr",8,"Sat",3,2
"2017-04-08 03:03:00",49.7516441345215,2017,"Apr",8,"Sat",3,3
"2017-04-08 03:04:00",50.3147201538086,2017,"Apr",8,"Sat",3,4
"2017-04-08 03:05:00",49.9677391052246,2017,"Apr",8,"Sat",3,5
"2017-04-08 03:06:00",49.9769325256348,2017,"Apr",8,"Sat",3,6
"2017-04-08 03:07:00",49.7303504943848,2017,"Apr",8,"Sat",3,7
"2017-04-08 03:08:00",49.9465179443359,2017,"Apr",8,"Sat",3,8
"2017-04-08 03:09:00",50.1430854797363,2017,"Apr",8,"Sat",3,9
"2017-04-08 03:10:00",49.9417572021484,2017,"Apr",8,"Sat",3,10
"2017-04-08 03:11:00",49.6836585998535,2017,"Apr",8,"Sat",3,11
"2017-04-08 03:12:00",49.8618545532227,2017,"Apr",8,"Sat",3,12
"2017-04-08 03:13:00",49.9804191589355,2017,"Apr",8,"Sat",3,13
"2017-04-08 03:14:00",49.8261451721191,2017,"Apr",8,"Sat",3,14
"2017-04-08 03:15:00",49.7856216430664,2017,"Apr",8,"Sat",3,15
"2017-04-08 03:16:00",50.0325889587402,2017,"Apr",8,"Sat",3,16
"2017-04-08 03:17:00",49.9804191589355,2017,"Apr",8,"Sat",3,17
"2017-04-08 03:18:00",49.7202415466309,2017,"Apr",8,"Sat",3,18
"2017-04-08 03:19:00",49.8618545532227,2017,"Apr",8,"Sat",3,19
"2017-04-08 03:20:00",49.8048973083496,2017,"Apr",8,"Sat",3,20
"2017-04-08 03:21:00",49.7306671142578,2017,"Apr",8,"Sat",3,21
"2017-04-08 03:22:00",49.9804191589355,2017,"Apr",8,"Sat",3,22
"2017-04-08 03:23:00",50.1048812866211,2017,"Apr",8,"Sat",3,23
"2017-04-08 03:24:00",49.8643493652344,2017,"Apr",8,"Sat",3,24
"2017-04-08 03:25:00",49.7559509277344,2017,"Apr",8,"Sat",3,25
"2017-04-08 03:26:00",49.8618545532227,2017,"Apr",8,"Sat",3,26
"2017-04-08 03:27:00",49.9081268310547,2017,"Apr",8,"Sat",3,27
"2017-04-08 03:28:00",49.7895622253418,2017,"Apr",8,"Sat",3,28
"2017-04-08 03:29:00",49.977466583252,2017,"Apr",8,"Sat",3,29
"2017-04-08 03:30:00",50.1048812866211,2017,"Apr",8,"Sat",3,30
"2017-04-08 03:31:00",49.7538528442383,2017,"Apr",8,"Sat",3,31
"2017-04-08 03:32:00",49.7559509277344,2017,"Apr",8,"Sat",3,32
"2017-04-08 03:33:00",49.9081268310547,2017,"Apr",8,"Sat",3,33
"2017-04-08 03:34:00",49.9081268310547,2017,"Apr",8,"Sat",3,34
"2017-04-08 03:35:00",49.8618545532227,2017,"Apr",8,"Sat",3,35
"2017-04-08 03:36:00",49.977466583252,2017,"Apr",8,"Sat",3,36
"2017-04-08 03:37:00",49.9506072998047,2017,"Apr",8,"Sat",3,37
"2017-04-08 03:38:00",49.7895622253418,2017,"Apr",8,"Sat",3,38
"2017-04-08 03:39:00",49.7559509277344,2017,"Apr",8,"Sat",3,39
"2017-04-08 03:40:00",49.9804191589355,2017,"Apr",8,"Sat",3,40
"2017-04-08 03:41:00",49.9081268310547,2017,"Apr",8,"Sat",3,41
"2017-04-08 03:42:00",49.8618545532227,2017,"Apr",8,"Sat",3,42
"2017-04-08 03:43:00",49.8618545532227,2017,"Apr",8,"Sat",3,43
"2017-04-08 03:44:00",49.9140243530273,2017,"Apr",8,"Sat",3,44
"2017-04-08 03:45:00",49.7895622253418,2017,"Apr",8,"Sat",3,45
"2017-04-08 03:46:00",49.7559509277344,2017,"Apr",8,"Sat",3,46
"2017-04-08 03:47:00",49.9804191589355,2017,"Apr",8,"Sat",3,47
"2017-04-08 03:48:00",49.9804191589355,2017,"Apr",8,"Sat",3,48
"2017-04-08 03:49:00",49.8261451721191,2017,"Apr",8,"Sat",3,49
"2017-04-08 03:50:00",49.8618545532227,2017,"Apr",8,"Sat",3,50
"2017-04-08 03:51:00",50.0325889587402,2017,"Apr",8,"Sat",3,51
"2017-04-08 03:52:00",49.7538528442383,2017,"Apr",8,"Sat",3,52
"2017-04-08 03:53:00",49.7559509277344,2017,"Apr",8,"Sat",3,53
"2017-04-08 03:54:00",49.9804191589355,2017,"Apr",8,"Sat",3,54
"2017-04-08 03:55:00",49.9804191589355,2017,"Apr",8,"Sat",3,55
"2017-04-08 03:56:00",49.8261451721191,2017,"Apr",8,"Sat",3,56
"2017-04-08 03:57:00",49.8618545532227,2017,"Apr",8,"Sat",3,57
"2017-04-08 03:58:00",50.0325889587402,2017,"Apr",8,"Sat",3,58
"2017-04-08 03:59:00",49.7538528442383,2017,"Apr",8,"Sat",3,59
"2017-04-08 04:00:00",49.7955551147461,2017,"Apr",8,"Sat",4,0
"2017-04-08 04:01:00",49.554759979248,2017,"Apr",8,"Sat",4,1
"2017-04-08 04:02:00",49.9977989196777,2017,"Apr",8,"Sat",4,2
"2017-04-08 04:03:00",49.624942779541,2017,"Apr",8,"Sat",4,3
"2017-04-08 04:04:00",50.034912109375,2017,"Apr",8,"Sat",4,4
"2017-04-08 04:05:00",49.994514465332,2017,"Apr",8,"Sat",4,5
"2017-04-08 04:06:00",49.7653121948242,2017,"Apr",8,"Sat",4,6
"2017-04-08 04:07:00",50.1290702819824,2017,"Apr",8,"Sat",4,7
"2017-04-08 04:08:00",50.0467948913574,2017,"Apr",8,"Sat",4,8
"2017-04-08 04:09:00",50.0340690612793,2017,"Apr",8,"Sat",4,9
"2017-04-08 04:10:00",50.0976219177246,2017,"Apr",8,"Sat",4,10
"2017-04-08 04:11:00",49.5565223693848,2017,"Apr",8,"Sat",4,11
"2017-04-08 04:12:00",50.1598930358887,2017,"Apr",8,"Sat",4,12
"2017-04-08 04:13:00",49.3971061706543,2017,"Apr",8,"Sat",4,13
"2017-04-08 04:14:00",49.829662322998,2017,"Apr",8,"Sat",4,14
"2017-04-08 04:15:00",49.7990303039551,2017,"Apr",8,"Sat",4,15
"2017-04-08 04:16:00",49.8973083496094,2017,"Apr",8,"Sat",4,16
"2017-04-08 04:17:00",50.1050987243652,2017,"Apr",8,"Sat",4,17
"2017-04-08 04:18:00",49.5956726074219,2017,"Apr",8,"Sat",4,18
"2017-04-08 04:19:00",49.957405090332,2017,"Apr",8,"Sat",4,19
"2017-04-08 04:20:00",49.9264793395996,2017,"Apr",8,"Sat",4,20
"2017-04-08 04:21:00",50.0392150878906,2017,"Apr",8,"Sat",4,21
"2017-04-08 04:22:00",50.126163482666,2017,"Apr",8,"Sat",4,22
"2017-04-08 04:23:00",49.4048347473145,2017,"Apr",8,"Sat",4,23
"2017-04-08 04:24:00",50.1151657104492,2017,"Apr",8,"Sat",4,24
"2017-04-08 04:25:00",49.713451385498,2017,"Apr",8,"Sat",4,25
"2017-04-08 04:26:00",50.0499610900879,2017,"Apr",8,"Sat",4,26
"2017-04-08 04:27:00",49.8740844726562,2017,"Apr",8,"Sat",4,27
"2017-04-08 04:28:00",49.8743209838867,2017,"Apr",8,"Sat",4,28
"2017-04-08 04:29:00",50.1908226013184,2017,"Apr",8,"Sat",4,29
"2017-04-08 04:30:00",49.7948112487793,2017,"Apr",8,"Sat",4,30
"2017-04-08 04:31:00",49.9877548217773,2017,"Apr",8,"Sat",4,31
"2017-04-08 04:32:00",49.7536888122559,2017,"Apr",8,"Sat",4,32
"2017-04-08 04:33:00",50.0630645751953,2017,"Apr",8,"Sat",4,33
"2017-04-08 04:34:00",50.2623405456543,2017,"Apr",8,"Sat",4,34
"2017-04-08 04:35:00",49.4051742553711,2017,"Apr",8,"Sat",4,35
"2017-04-08 04:36:00",50.1165924072266,2017,"Apr",8,"Sat",4,36
"2017-04-08 04:37:00",49.8606872558594,2017,"Apr",8,"Sat",4,37
"2017-04-08 04:38:00",50.111198425293,2017,"Apr",8,"Sat",4,38
"2017-04-08 04:39:00",49.8888816833496,2017,"Apr",8,"Sat",4,39
"2017-04-08 04:40:00",49.8436241149902,2017,"Apr",8,"Sat",4,40
"2017-04-08 04:41:00",50.1657485961914,2017,"Apr",8,"Sat",4,41
"2017-04-08 04:42:00",49.9634132385254,2017,"Apr",8,"Sat",4,42
"2017-04-08 04:43:00",50.1200180053711,2017,"Apr",8,"Sat",4,43
"2017-04-08 04:44:00",49.7365608215332,2017,"Apr",8,"Sat",4,44
"2017-04-08 04:45:00",49.9660720825195,2017,"Apr",8,"Sat",4,45
"2017-04-08 04:46:00",50.3319702148438,2017,"Apr",8,"Sat",4,46
"2017-04-08 04:47:00",49.7221374511719,2017,"Apr",8,"Sat",4,47
"2017-04-08 04:48:00",49.6125984191895,2017,"Apr",8,"Sat",4,48
"2017-04-08 04:49:00",49.9104652404785,2017,"Apr",8,"Sat",4,49
"2017-04-08 04:50:00",50.1340827941895,2017,"Apr",8,"Sat",4,50
"2017-04-08 04:51:00",50.0683403015137,2017,"Apr",8,"Sat",4,51
"2017-04-08 04:52:00",49.7058982849121,2017,"Apr",8,"Sat",4,52
"2017-04-08 04:53:00",50.1373863220215,2017,"Apr",8,"Sat",4,53
"2017-04-08 04:54:00",49.9206619262695,2017,"Apr",8,"Sat",4,54
"2017-04-08 04:55:00",50.0170555114746,2017,"Apr",8,"Sat",4,55
"2017-04-08 04:56:00",49.5363655090332,2017,"Apr",8,"Sat",4,56
"2017-04-08 04:57:00",49.9015464782715,2017,"Apr",8,"Sat",4,57
"2017-04-08 04:58:00",50.0500793457031,2017,"Apr",8,"Sat",4,58
"2017-04-08 04:59:00",49.6263771057129,2017,"Apr",8,"Sat",4,59
"2017-04-08 05:00:00",49.749153137207,2017,"Apr",8,"Sat",5,0
"2017-04-08 05:01:00",49.5687675476074,2017,"Apr",8,"Sat",5,1
"2017-04-08 05:02:00",50.3145523071289,2017,"Apr",8,"Sat",5,2
"2017-04-08 05:03:00",50.0342750549316,2017,"Apr",8,"Sat",5,3
"2017-04-08 05:04:00",50.1629409790039,2017,"Apr",8,"Sat",5,4
"2017-04-08 05:05:00",50.146541595459,2017,"Apr",8,"Sat",5,5
"2017-04-08 05:06:00",50.197998046875,2017,"Apr",8,"Sat",5,6
"2017-04-08 05:07:00",49.8695335388184,2017,"Apr",8,"Sat",5,7
"2017-04-08 05:08:00",50.1227493286133,2017,"Apr",8,"Sat",5,8
"2017-04-08 05:09:00",49.7458992004395,2017,"Apr",8,"Sat",5,9
"2017-04-08 05:10:00",50.3673706054688,2017,"Apr",8,"Sat",5,10
"2017-04-08 05:11:00",49.9329376220703,2017,"Apr",8,"Sat",5,11
"2017-04-08 05:12:00",49.746654510498,2017,"Apr",8,"Sat",5,12
"2017-04-08 05:13:00",49.6764526367188,2017,"Apr",8,"Sat",5,13
"2017-04-08 05:14:00",50.1336517333984,2017,"Apr",8,"Sat",5,14
"2017-04-08 05:15:00",50.2422637939453,2017,"Apr",8,"Sat",5,15
"2017-04-08 05:16:00",49.7621307373047,2017,"Apr",8,"Sat",5,16
"2017-04-08 05:17:00",49.9458312988281,2017,"Apr",8,"Sat",5,17
"2017-04-08 05:18:00",50.1983909606934,2017,"Apr",8,"Sat",5,18
"2017-04-08 05:19:00",49.9764175415039,2017,"Apr",8,"Sat",5,19
"2017-04-08 05:20:00",50.0131301879883,2017,"Apr",8,"Sat",5,20
"2017-04-08 05:21:00",49.6989707946777,2017,"Apr",8,"Sat",5,21
"2017-04-08 05:22:00",50.207405090332,2017,"Apr",8,"Sat",5,22
"2017-04-08 05:23:00",50.2196922302246,2017,"Apr",8,"Sat",5,23
"2017-04-08 05:24:00",49.8425941467285,2017,"Apr",8,"Sat",5,24
"2017-04-08 05:25:00",49.7079620361328,2017,"Apr",8,"Sat",5,25
"2017-04-08 05:26:00",50.3365173339844,2017,"Apr",8,"Sat",5,26
"2017-04-08 05:27:00",50.2422637939453,2017,"Apr",8,"Sat",5,27
"2017-04-08 05:28:00",49.9089431762695,2017,"Apr",8,"Sat",5,28
"2017-04-08 05:29:00",49.7089729309082,2017,"Apr",8,"Sat",5,29
"2017-04-08 05:30:00",49.9817314147949,2017,"Apr",8,"Sat",5,30
"2017-04-08 05:31:00",50.1433906555176,2017,"Apr",8,"Sat",5,31
"2017-04-08 05:32:00",49.9089431762695,2017,"Apr",8,"Sat",5,32
"2017-04-08 05:33:00",49.8097534179688,2017,"Apr",8,"Sat",5,33
"2017-04-08 05:34:00",49.9817314147949,2017,"Apr",8,"Sat",5,34
"2017-04-08 05:35:00",50.3080520629883,2017,"Apr",8,"Sat",5,35
"2017-04-08 05:36:00",49.9089431762695,2017,"Apr",8,"Sat",5,36
"2017-04-08 05:37:00",49.956371307373,2017,"Apr",8,"Sat",5,37
"2017-04-08 05:38:00",49.9995651245117,2017,"Apr",8,"Sat",5,38
"2017-04-08 05:39:00",50.1433410644531,2017,"Apr",8,"Sat",5,39
"2017-04-08 05:40:00",49.9294929504395,2017,"Apr",8,"Sat",5,40
"2017-04-08 05:41:00",49.956371307373,2017,"Apr",8,"Sat",5,41
"2017-04-08 05:42:00",49.954029083252,2017,"Apr",8,"Sat",5,42
"2017-04-08 05:43:00",50.0267791748047,2017,"Apr",8,"Sat",5,43
"2017-04-08 05:44:00",49.8917274475098,2017,"Apr",8,"Sat",5,44
"2017-04-08 05:45:00",50.0120620727539,2017,"Apr",8,"Sat",5,45
"2017-04-08 05:46:00",49.7940788269043,2017,"Apr",8,"Sat",5,46
"2017-04-08 05:47:00",50.1565551757812,2017,"Apr",8,"Sat",5,47
"2017-04-08 05:48:00",49.8494300842285,2017,"Apr",8,"Sat",5,48
"2017-04-08 05:49:00",49.7483940124512,2017,"Apr",8,"Sat",5,49
"2017-04-08 05:50:00",50.09716796875,2017,"Apr",8,"Sat",5,50
"2017-04-08 05:51:00",49.9793014526367,2017,"Apr",8,"Sat",5,51
"2017-04-08 05:52:00",50.081714630127,2017,"Apr",8,"Sat",5,52
"2017-04-08 05:53:00",49.855396270752,2017,"Apr",8,"Sat",5,53
"2017-04-08 05:54:00",49.753589630127,2017,"Apr",8,"Sat",5,54
"2017-04-08 05:55:00",50.070858001709,2017,"Apr",8,"Sat",5,55
"2017-04-08 05:56:00",49.826717376709,2017,"Apr",8,"Sat",5,56
"2017-04-08 05:57:00",49.9681968688965,2017,"Apr",8,"Sat",5,57
"2017-04-08 05:58:00",50.0425491333008,2017,"Apr",8,"Sat",5,58
"2017-04-08 05:59:00",50.277416229248,2017,"Apr",8,"Sat",5,59
"2017-04-08 06:00:00",49.3238410949707,2017,"Apr",8,"Sat",6,0
"2017-04-08 06:01:00",49.4056053161621,2017,"Apr",8,"Sat",6,1
"2017-04-08 06:02:00",49.8077850341797,2017,"Apr",8,"Sat",6,2
"2017-04-08 06:03:00",49.5650329589844,2017,"Apr",8,"Sat",6,3
"2017-04-08 06:04:00",49.5719184875488,2017,"Apr",8,"Sat",6,4
"2017-04-08 06:05:00",49.606071472168,2017,"Apr",8,"Sat",6,5
"2017-04-08 06:06:00",49.4017677307129,2017,"Apr",8,"Sat",6,6
"2017-04-08 06:07:00",49.4214859008789,2017,"Apr",8,"Sat",6,7
"2017-04-08 06:08:00",49.3992042541504,2017,"Apr",8,"Sat",6,8
"2017-04-08 06:09:00",49.4998321533203,2017,"Apr",8,"Sat",6,9
"2017-04-08 06:10:00",49.6801261901855,2017,"Apr",8,"Sat",6,10
"2017-04-08 06:11:00",49.6002960205078,2017,"Apr",8,"Sat",6,11
"2017-04-08 06:12:00",49.6443710327148,2017,"Apr",8,"Sat",6,12
"2017-04-08 06:13:00",49.6623344421387,2017,"Apr",8,"Sat",6,13
"2017-04-08 06:14:00",49.5406455993652,2017,"Apr",8,"Sat",6,14
"2017-04-08 06:15:00",49.5406455993652,2017,"Apr",8,"Sat",6,15
"2017-04-08 06:16:00",49.7085800170898,2017,"Apr",8,"Sat",6,16
"2017-04-08 06:17:00",49.7085800170898,2017,"Apr",8,"Sat",6,17
"2017-04-08 06:18:00",49.7183723449707,2017,"Apr",8,"Sat",6,18
"2017-04-08 06:19:00",49.4349060058594,2017,"Apr",8,"Sat",6,19
"2017-04-08 06:20:00",49.6208038330078,2017,"Apr",8,"Sat",6,20
"2017-04-08 06:21:00",49.7662811279297,2017,"Apr",8,"Sat",6,21
"2017-04-08 06:22:00",49.5887756347656,2017,"Apr",8,"Sat",6,22
"2017-04-08 06:23:00",49.6638832092285,2017,"Apr",8,"Sat",6,23
"2017-04-08 06:24:00",49.6638832092285,2017,"Apr",8,"Sat",6,24
"2017-04-08 06:25:00",49.5440788269043,2017,"Apr",8,"Sat",6,25
"2017-04-08 06:26:00",49.3576393127441,2017,"Apr",8,"Sat",6,26
"2017-04-08 06:27:00",49.5255737304688,2017,"Apr",8,"Sat",6,27
"2017-04-08 06:28:00",49.6638832092285,2017,"Apr",8,"Sat",6,28
"2017-04-08 06:29:00",49.7085800170898,2017,"Apr",8,"Sat",6,29
"2017-04-08 06:30:00",49.6351470947266,2017,"Apr",8,"Sat",6,30
"2017-04-08 06:31:00",49.6443710327148,2017,"Apr",8,"Sat",6,31
"2017-04-08 06:32:00",49.5887756347656,2017,"Apr",8,"Sat",6,32
"2017-04-08 06:33:00",49.420841217041,2017,"Apr",8,"Sat",6,33
"2017-04-08 06:34:00",49.7085800170898,2017,"Apr",8,"Sat",6,34
"2017-04-08 06:35:00",49.7085800170898,2017,"Apr",8,"Sat",6,35
"2017-04-08 06:36:00",49.6638832092285,2017,"Apr",8,"Sat",6,36
"2017-04-08 06:37:00",49.5255737304688,2017,"Apr",8,"Sat",6,37
"2017-04-08 06:38:00",49.6443710327148,2017,"Apr",8,"Sat",6,38
"2017-04-08 06:39:00",49.7662811279297,2017,"Apr",8,"Sat",6,39
"2017-04-08 06:40:00",49.420841217041,2017,"Apr",8,"Sat",6,40
"2017-04-08 06:41:00",49.6638832092285,2017,"Apr",8,"Sat",6,41
"2017-04-08 06:42:00",49.6638832092285,2017,"Apr",8,"Sat",6,42
"2017-04-08 06:43:00",49.5887756347656,2017,"Apr",8,"Sat",6,43
"2017-04-08 06:44:00",49.5887756347656,2017,"Apr",8,"Sat",6,44
"2017-04-08 06:45:00",49.6443710327148,2017,"Apr",8,"Sat",6,45
"2017-04-08 06:46:00",49.6638832092285,2017,"Apr",8,"Sat",6,46
"2017-04-08 06:47:00",49.420841217041,2017,"Apr",8,"Sat",6,47
"2017-04-08 06:48:00",49.6351470947266,2017,"Apr",8,"Sat",6,48
"2017-04-08 06:49:00",49.6687126159668,2017,"Apr",8,"Sat",6,49
"2017-04-08 06:50:00",49.5887756347656,2017,"Apr",8,"Sat",6,50
"2017-04-08 06:51:00",49.5887756347656,2017,"Apr",8,"Sat",6,51
"2017-04-08 06:52:00",49.6443710327148,2017,"Apr",8,"Sat",6,52
"2017-04-08 06:53:00",49.7085800170898,2017,"Apr",8,"Sat",6,53
"2017-04-08 06:54:00",49.420841217041,2017,"Apr",8,"Sat",6,54
"2017-04-08 06:55:00",49.5887756347656,2017,"Apr",8,"Sat",6,55
"2017-04-08 06:56:00",49.7085800170898,2017,"Apr",8,"Sat",6,56
"2017-04-08 06:57:00",49.5887756347656,2017,"Apr",8,"Sat",6,57
"2017-04-08 06:58:00",49.5887756347656,2017,"Apr",8,"Sat",6,58
"2017-04-08 06:59:00",49.6443710327148,2017,"Apr",8,"Sat",6,59
"2017-04-08 07:00:00",49.6346244812012,2017,"Apr",8,"Sat",7,0
"2017-04-08 07:01:00",50.171257019043,2017,"Apr",8,"Sat",7,1
"2017-04-08 07:02:00",49.9062805175781,2017,"Apr",8,"Sat",7,2
"2017-04-08 07:03:00",49.8860740661621,2017,"Apr",8,"Sat",7,3
"2017-04-08 07:04:00",49.9670143127441,2017,"Apr",8,"Sat",7,4
"2017-04-08 07:05:00",49.6879539489746,2017,"Apr",8,"Sat",7,5
"2017-04-08 07:06:00",49.947021484375,2017,"Apr",8,"Sat",7,6
"2017-04-08 07:07:00",49.8007278442383,2017,"Apr",8,"Sat",7,7
"2017-04-08 07:08:00",49.9944343566895,2017,"Apr",8,"Sat",7,8
"2017-04-08 07:09:00",49.8094825744629,2017,"Apr",8,"Sat",7,9
"2017-04-08 07:10:00",49.9426116943359,2017,"Apr",8,"Sat",7,10
"2017-04-08 07:11:00",49.8250694274902,2017,"Apr",8,"Sat",7,11
"2017-04-08 07:12:00",49.6454887390137,2017,"Apr",8,"Sat",7,12
"2017-04-08 07:13:00",49.8717575073242,2017,"Apr",8,"Sat",7,13
"2017-04-08 07:14:00",49.799144744873,2017,"Apr",8,"Sat",7,14
"2017-04-08 07:15:00",49.9368476867676,2017,"Apr",8,"Sat",7,15
"2017-04-08 07:16:00",49.9934120178223,2017,"Apr",8,"Sat",7,16
"2017-04-08 07:17:00",49.8717575073242,2017,"Apr",8,"Sat",7,17
"2017-04-08 07:18:00",49.9755859375,2017,"Apr",8,"Sat",7,18
"2017-04-08 07:19:00",49.7128677368164,2017,"Apr",8,"Sat",7,19
"2017-04-08 07:20:00",49.9755859375,2017,"Apr",8,"Sat",7,20
"2017-04-08 07:21:00",49.8717575073242,2017,"Apr",8,"Sat",7,21
"2017-04-08 07:22:00",50.0034484863281,2017,"Apr",8,"Sat",7,22
"2017-04-08 07:23:00",49.7146682739258,2017,"Apr",8,"Sat",7,23
"2017-04-08 07:24:00",49.9755859375,2017,"Apr",8,"Sat",7,24
"2017-04-08 07:25:00",49.787841796875,2017,"Apr",8,"Sat",7,25
"2017-04-08 07:26:00",49.6454887390137,2017,"Apr",8,"Sat",7,26
"2017-04-08 07:27:00",49.7146682739258,2017,"Apr",8,"Sat",7,27
"2017-04-08 07:28:00",49.8270072937012,2017,"Apr",8,"Sat",7,28
"2017-04-08 07:29:00",50.0034484863281,2017,"Apr",8,"Sat",7,29
"2017-04-08 07:30:00",50.097240447998,2017,"Apr",8,"Sat",7,30
"2017-04-08 07:31:00",49.7146682739258,2017,"Apr",8,"Sat",7,31
"2017-04-08 07:32:00",49.7380142211914,2017,"Apr",8,"Sat",7,32
"2017-04-08 07:33:00",49.7703857421875,2017,"Apr",8,"Sat",7,33
"2017-04-08 07:34:00",49.9732246398926,2017,"Apr",8,"Sat",7,34
"2017-04-08 07:35:00",49.7146682739258,2017,"Apr",8,"Sat",7,35
"2017-04-08 07:36:00",50.0034484863281,2017,"Apr",8,"Sat",7,36
"2017-04-08 07:37:00",49.8717575073242,2017,"Apr",8,"Sat",7,37
"2017-04-08 07:38:00",49.8219299316406,2017,"Apr",8,"Sat",7,38
"2017-04-08 07:39:00",49.7378311157227,2017,"Apr",8,"Sat",7,39
"2017-04-08 07:40:00",49.7967834472656,2017,"Apr",8,"Sat",7,40
"2017-04-08 07:41:00",49.8717575073242,2017,"Apr",8,"Sat",7,41
"2017-04-08 07:42:00",49.7181015014648,2017,"Apr",8,"Sat",7,42
"2017-04-08 07:43:00",49.9755859375,2017,"Apr",8,"Sat",7,43
"2017-04-08 07:44:00",49.9755859375,2017,"Apr",8,"Sat",7,44
"2017-04-08 07:45:00",49.8996200561523,2017,"Apr",8,"Sat",7,45
"2017-04-08 07:46:00",49.8693962097168,2017,"Apr",8,"Sat",7,46
"2017-04-08 07:47:00",49.799144744873,2017,"Apr",8,"Sat",7,47
"2017-04-08 07:48:00",49.9755859375,2017,"Apr",8,"Sat",7,48
"2017-04-08 07:49:00",49.7967834472656,2017,"Apr",8,"Sat",7,49
"2017-04-08 07:50:00",49.9755859375,2017,"Apr",8,"Sat",7,50
"2017-04-08 07:51:00",49.8717575073242,2017,"Apr",8,"Sat",7,51
"2017-04-08 07:52:00",49.799144744873,2017,"Apr",8,"Sat",7,52
"2017-04-08 07:53:00",49.8717575073242,2017,"Apr",8,"Sat",7,53
"2017-04-08 07:54:00",49.799144744873,2017,"Apr",8,"Sat",7,54
"2017-04-08 07:55:00",49.8717575073242,2017,"Apr",8,"Sat",7,55
"2017-04-08 07:56:00",49.8717575073242,2017,"Apr",8,"Sat",7,56
"2017-04-08 07:57:00",49.9755859375,2017,"Apr",8,"Sat",7,57
"2017-04-08 07:58:00",49.9755859375,2017,"Apr",8,"Sat",7,58
"2017-04-08 07:59:00",49.8717575073242,2017,"Apr",8,"Sat",7,59
"2017-04-08 08:00:00",50.0134696960449,2017,"Apr",8,"Sat",8,0
"2017-04-08 08:01:00",49.9911994934082,2017,"Apr",8,"Sat",8,1
"2017-04-08 08:02:00",50.1722450256348,2017,"Apr",8,"Sat",8,2
"2017-04-08 08:03:00",50.4033432006836,2017,"Apr",8,"Sat",8,3
"2017-04-08 08:04:00",50.183708190918,2017,"Apr",8,"Sat",8,4
"2017-04-08 08:05:00",50.3285713195801,2017,"Apr",8,"Sat",8,5
"2017-04-08 08:06:00",50.2790374755859,2017,"Apr",8,"Sat",8,6
"2017-04-08 08:07:00",50.1911888122559,2017,"Apr",8,"Sat",8,7
"2017-04-08 08:08:00",50.2582626342773,2017,"Apr",8,"Sat",8,8
"2017-04-08 08:09:00",50.2582626342773,2017,"Apr",8,"Sat",8,9
"2017-04-08 08:10:00",50.2582626342773,2017,"Apr",8,"Sat",8,10
"2017-04-08 08:11:00",50.2275428771973,2017,"Apr",8,"Sat",8,11
"2017-04-08 08:12:00",50.1877555847168,2017,"Apr",8,"Sat",8,12
"2017-04-08 08:13:00",50.1197624206543,2017,"Apr",8,"Sat",8,13
"2017-04-08 08:14:00",50.1604080200195,2017,"Apr",8,"Sat",8,14
"2017-04-08 08:15:00",50.0115394592285,2017,"Apr",8,"Sat",8,15
"2017-04-08 08:16:00",50.2582626342773,2017,"Apr",8,"Sat",8,16
"2017-04-08 08:17:00",50.109935760498,2017,"Apr",8,"Sat",8,17
"2017-04-08 08:18:00",50.2582626342773,2017,"Apr",8,"Sat",8,18
"2017-04-08 08:19:00",50.0554237365723,2017,"Apr",8,"Sat",8,19
"2017-04-08 08:20:00",50.1858329772949,2017,"Apr",8,"Sat",8,20
"2017-04-08 08:21:00",50.109935760498,2017,"Apr",8,"Sat",8,21
"2017-04-08 08:22:00",50.2582626342773,2017,"Apr",8,"Sat",8,22
"2017-04-08 08:23:00",50.109935760498,2017,"Apr",8,"Sat",8,23
"2017-04-08 08:24:00",50.1664772033691,2017,"Apr",8,"Sat",8,24
"2017-04-08 08:25:00",50.079216003418,2017,"Apr",8,"Sat",8,25
"2017-04-08 08:26:00",50.0812454223633,2017,"Apr",8,"Sat",8,26
"2017-04-08 08:27:00",50.1309127807617,2017,"Apr",8,"Sat",8,27
"2017-04-08 08:28:00",50.109935760498,2017,"Apr",8,"Sat",8,28
"2017-04-08 08:29:00",50.079216003418,2017,"Apr",8,"Sat",8,29
"2017-04-08 08:30:00",50.109935760498,2017,"Apr",8,"Sat",8,30
"2017-04-08 08:31:00",50.079216003418,2017,"Apr",8,"Sat",8,31
"2017-04-08 08:32:00",50.109935760498,2017,"Apr",8,"Sat",8,32
"2017-04-08 08:33:00",50.0247039794922,2017,"Apr",8,"Sat",8,33
"2017-04-08 08:34:00",50.1292915344238,2017,"Apr",8,"Sat",8,34
"2017-04-08 08:35:00",50.079216003418,2017,"Apr",8,"Sat",8,35
"2017-04-08 08:36:00",50.079216003418,2017,"Apr",8,"Sat",8,36
"2017-04-08 08:37:00",50.079216003418,2017,"Apr",8,"Sat",8,37
"2017-04-08 08:38:00",50.079216003418,2017,"Apr",8,"Sat",8,38
"2017-04-08 08:39:00",50.079216003418,2017,"Apr",8,"Sat",8,39
"2017-04-08 08:40:00",50.0247039794922,2017,"Apr",8,"Sat",8,40
"2017-04-08 08:41:00",50.1309127807617,2017,"Apr",8,"Sat",8,41
"2017-04-08 08:42:00",50.079216003418,2017,"Apr",8,"Sat",8,42
"2017-04-08 08:43:00",50.079216003418,2017,"Apr",8,"Sat",8,43
"2017-04-08 08:44:00",50.079216003418,2017,"Apr",8,"Sat",8,44
"2017-04-08 08:45:00",50.079216003418,2017,"Apr",8,"Sat",8,45
"2017-04-08 08:46:00",50.079216003418,2017,"Apr",8,"Sat",8,46
"2017-04-08 08:47:00",50.0247039794922,2017,"Apr",8,"Sat",8,47
"2017-04-08 08:48:00",50.1309127807617,2017,"Apr",8,"Sat",8,48
"2017-04-08 08:49:00",50.079216003418,2017,"Apr",8,"Sat",8,49
"2017-04-08 08:50:00",50.079216003418,2017,"Apr",8,"Sat",8,50
"2017-04-08 08:51:00",50.079216003418,2017,"Apr",8,"Sat",8,51
"2017-04-08 08:52:00",50.079216003418,2017,"Apr",8,"Sat",8,52
"2017-04-08 08:53:00",50.079216003418,2017,"Apr",8,"Sat",8,53
"2017-04-08 08:54:00",50.0247039794922,2017,"Apr",8,"Sat",8,54
"2017-04-08 08:55:00",50.1309127807617,2017,"Apr",8,"Sat",8,55
"2017-04-08 08:56:00",50.079216003418,2017,"Apr",8,"Sat",8,56
"2017-04-08 08:57:00",50.079216003418,2017,"Apr",8,"Sat",8,57
"2017-04-08 08:58:00",50.079216003418,2017,"Apr",8,"Sat",8,58
"2017-04-08 08:59:00",50.079216003418,2017,"Apr",8,"Sat",8,59
"2017-04-08 09:00:00",49.8918533325195,2017,"Apr",8,"Sat",9,0
"2017-04-08 09:01:00",49.4582672119141,2017,"Apr",8,"Sat",9,1
"2017-04-08 09:02:00",50.1166076660156,2017,"Apr",8,"Sat",9,2
"2017-04-08 09:03:00",50.1988296508789,2017,"Apr",8,"Sat",9,3
"2017-04-08 09:04:00",50.0639610290527,2017,"Apr",8,"Sat",9,4
"2017-04-08 09:05:00",49.692985534668,2017,"Apr",8,"Sat",9,5
"2017-04-08 09:06:00",49.9853172302246,2017,"Apr",8,"Sat",9,6
"2017-04-08 09:07:00",50.0183982849121,2017,"Apr",8,"Sat",9,7
"2017-04-08 09:08:00",50.0781707763672,2017,"Apr",8,"Sat",9,8
"2017-04-08 09:09:00",50.081127166748,2017,"Apr",8,"Sat",9,9
"2017-04-08 09:10:00",50.1437149047852,2017,"Apr",8,"Sat",9,10
"2017-04-08 09:11:00",50.0700721740723,2017,"Apr",8,"Sat",9,11
"2017-04-08 09:12:00",49.769416809082,2017,"Apr",8,"Sat",9,12
"2017-04-08 09:13:00",49.9875793457031,2017,"Apr",8,"Sat",9,13
"2017-04-08 09:14:00",50.129093170166,2017,"Apr",8,"Sat",9,14
"2017-04-08 09:15:00",50.1434516906738,2017,"Apr",8,"Sat",9,15
"2017-04-08 09:16:00",50.081127166748,2017,"Apr",8,"Sat",9,16
"2017-04-08 09:17:00",49.972972869873,2017,"Apr",8,"Sat",9,17
"2017-04-08 09:18:00",49.9875793457031,2017,"Apr",8,"Sat",9,18
"2017-04-08 09:19:00",49.629322052002,2017,"Apr",8,"Sat",9,19
"2017-04-08 09:20:00",50.1965370178223,2017,"Apr",8,"Sat",9,20
"2017-04-08 09:21:00",50.081127166748,2017,"Apr",8,"Sat",9,21
"2017-04-08 09:22:00",50.1491279602051,2017,"Apr",8,"Sat",9,22
"2017-04-08 09:23:00",50.021800994873,2017,"Apr",8,"Sat",9,23
"2017-04-08 09:24:00",49.932487487793,2017,"Apr",8,"Sat",9,24
"2017-04-08 09:25:00",50.0753135681152,2017,"Apr",8,"Sat",9,25
"2017-04-08 09:26:00",49.7730941772461,2017,"Apr",8,"Sat",9,26
"2017-04-08 09:27:00",50.060962677002,2017,"Apr",8,"Sat",9,27
"2017-04-08 09:28:00",50.081127166748,2017,"Apr",8,"Sat",9,28
"2017-04-08 09:29:00",50.1491279602051,2017,"Apr",8,"Sat",9,29
"2017-04-08 09:30:00",50.081127166748,2017,"Apr",8,"Sat",9,30
"2017-04-08 09:31:00",50.020938873291,2017,"Apr",8,"Sat",9,31
"2017-04-08 09:32:00",50.069766998291,2017,"Apr",8,"Sat",9,32
"2017-04-08 09:33:00",49.7605667114258,2017,"Apr",8,"Sat",9,33
"2017-04-08 09:34:00",50.1485710144043,2017,"Apr",8,"Sat",9,34
"2017-04-08 09:35:00",50.081127166748,2017,"Apr",8,"Sat",9,35
"2017-04-08 09:36:00",50.1491279602051,2017,"Apr",8,"Sat",9,36
"2017-04-08 09:37:00",50.0315437316895,2017,"Apr",8,"Sat",9,37
"2017-04-08 09:38:00",50.020938873291,2017,"Apr",8,"Sat",9,38
"2017-04-08 09:39:00",50.0753135681152,2017,"Apr",8,"Sat",9,39
"2017-04-08 09:40:00",49.7730941772461,2017,"Apr",8,"Sat",9,40
"2017-04-08 09:41:00",50.1485710144043,2017,"Apr",8,"Sat",9,41
"2017-04-08 09:42:00",50.081127166748,2017,"Apr",8,"Sat",9,42
"2017-04-08 09:43:00",50.1491279602051,2017,"Apr",8,"Sat",9,43
"2017-04-08 09:44:00",50.021800994873,2017,"Apr",8,"Sat",9,44
"2017-04-08 09:45:00",49.972972869873,2017,"Apr",8,"Sat",9,45
"2017-04-08 09:46:00",50.0753135681152,2017,"Apr",8,"Sat",9,46
"2017-04-08 09:47:00",49.7730941772461,2017,"Apr",8,"Sat",9,47
"2017-04-08 09:48:00",50.1485710144043,2017,"Apr",8,"Sat",9,48
"2017-04-08 09:49:00",50.081127166748,2017,"Apr",8,"Sat",9,49
"2017-04-08 09:50:00",50.1491279602051,2017,"Apr",8,"Sat",9,50
"2017-04-08 09:51:00",50.021800994873,2017,"Apr",8,"Sat",9,51
"2017-04-08 09:52:00",49.972972869873,2017,"Apr",8,"Sat",9,52
"2017-04-08 09:53:00",50.0753135681152,2017,"Apr",8,"Sat",9,53
"2017-04-08 09:54:00",49.7730941772461,2017,"Apr",8,"Sat",9,54
"2017-04-08 09:55:00",50.1485710144043,2017,"Apr",8,"Sat",9,55
"2017-04-08 09:56:00",50.081127166748,2017,"Apr",8,"Sat",9,56
"2017-04-08 09:57:00",50.1491279602051,2017,"Apr",8,"Sat",9,57
"2017-04-08 09:58:00",50.021800994873,2017,"Apr",8,"Sat",9,58
"2017-04-08 09:59:00",50.020938873291,2017,"Apr",8,"Sat",9,59
"2017-04-08 10:00:00",50.0809631347656,2017,"Apr",8,"Sat",10,0
"2017-04-08 10:01:00",49.9823570251465,2017,"Apr",8,"Sat",10,1
"2017-04-08 10:02:00",49.9739303588867,2017,"Apr",8,"Sat",10,2
"2017-04-08 10:03:00",49.9213409423828,2017,"Apr",8,"Sat",10,3
"2017-04-08 10:04:00",49.8570175170898,2017,"Apr",8,"Sat",10,4
"2017-04-08 10:05:00",49.737735748291,2017,"Apr",8,"Sat",10,5
"2017-04-08 10:06:00",49.5793418884277,2017,"Apr",8,"Sat",10,6
"2017-04-08 10:07:00",49.9820785522461,2017,"Apr",8,"Sat",10,7
"2017-04-08 10:08:00",49.7895889282227,2017,"Apr",8,"Sat",10,8
"2017-04-08 10:09:00",49.7895889282227,2017,"Apr",8,"Sat",10,9
"2017-04-08 10:10:00",49.7803993225098,2017,"Apr",8,"Sat",10,10
"2017-04-08 10:11:00",49.8784484863281,2017,"Apr",8,"Sat",10,11
"2017-04-08 10:12:00",49.9540214538574,2017,"Apr",8,"Sat",10,12
"2017-04-08 10:13:00",49.8757820129395,2017,"Apr",8,"Sat",10,13
"2017-04-08 10:14:00",49.6917495727539,2017,"Apr",8,"Sat",10,14
"2017-04-08 10:15:00",49.9839172363281,2017,"Apr",8,"Sat",10,15
"2017-04-08 10:16:00",49.8383445739746,2017,"Apr",8,"Sat",10,16
"2017-04-08 10:17:00",49.8410186767578,2017,"Apr",8,"Sat",10,17
"2017-04-08 10:18:00",49.8591766357422,2017,"Apr",8,"Sat",10,18
"2017-04-08 10:19:00",49.6917495727539,2017,"Apr",8,"Sat",10,19
"2017-04-08 10:20:00",50.0394134521484,2017,"Apr",8,"Sat",10,20
"2017-04-08 10:21:00",49.7933349609375,2017,"Apr",8,"Sat",10,21
"2017-04-08 10:22:00",49.8410186767578,2017,"Apr",8,"Sat",10,22
"2017-04-08 10:23:00",49.8410186767578,2017,"Apr",8,"Sat",10,23
"2017-04-08 10:24:00",49.8410186767578,2017,"Apr",8,"Sat",10,24
"2017-04-08 10:25:00",49.631290435791,2017,"Apr",8,"Sat",10,25
"2017-04-08 10:26:00",49.9839172363281,2017,"Apr",8,"Sat",10,26
"2017-04-08 10:27:00",49.8985862731934,2017,"Apr",8,"Sat",10,27
"2017-04-08 10:28:00",49.8488311767578,2017,"Apr",8,"Sat",10,28
"2017-04-08 10:29:00",49.8410186767578,2017,"Apr",8,"Sat",10,29
"2017-04-08 10:30:00",49.8410186767578,2017,"Apr",8,"Sat",10,30
"2017-04-08 10:31:00",49.9192581176758,2017,"Apr",8,"Sat",10,31
"2017-04-08 10:32:00",49.9167442321777,2017,"Apr",8,"Sat",10,32
"2017-04-08 10:33:00",49.8488311767578,2017,"Apr",8,"Sat",10,33
"2017-04-08 10:34:00",49.8410186767578,2017,"Apr",8,"Sat",10,34
"2017-04-08 10:35:00",49.8860282897949,2017,"Apr",8,"Sat",10,35
"2017-04-08 10:36:00",49.7933349609375,2017,"Apr",8,"Sat",10,36
"2017-04-08 10:37:00",49.8410186767578,2017,"Apr",8,"Sat",10,37
"2017-04-08 10:38:00",49.8410186767578,2017,"Apr",8,"Sat",10,38
"2017-04-08 10:39:00",49.9146728515625,2017,"Apr",8,"Sat",10,39
"2017-04-08 10:40:00",49.7933349609375,2017,"Apr",8,"Sat",10,40
"2017-04-08 10:41:00",49.8410186767578,2017,"Apr",8,"Sat",10,41
"2017-04-08 10:42:00",49.8410186767578,2017,"Apr",8,"Sat",10,42
"2017-04-08 10:43:00",49.8410186767578,2017,"Apr",8,"Sat",10,43
"2017-04-08 10:44:00",49.8410186767578,2017,"Apr",8,"Sat",10,44
"2017-04-08 10:45:00",49.8410186767578,2017,"Apr",8,"Sat",10,45
"2017-04-08 10:46:00",49.8591766357422,2017,"Apr",8,"Sat",10,46
"2017-04-08 10:47:00",49.7670783996582,2017,"Apr",8,"Sat",10,47
"2017-04-08 10:48:00",49.8410186767578,2017,"Apr",8,"Sat",10,48
"2017-04-08 10:49:00",49.8410186767578,2017,"Apr",8,"Sat",10,49
"2017-04-08 10:50:00",49.8410186767578,2017,"Apr",8,"Sat",10,50
"2017-04-08 10:51:00",49.8410186767578,2017,"Apr",8,"Sat",10,51
"2017-04-08 10:52:00",49.8410186767578,2017,"Apr",8,"Sat",10,52
"2017-04-08 10:53:00",49.8591766357422,2017,"Apr",8,"Sat",10,53
"2017-04-08 10:54:00",49.7670783996582,2017,"Apr",8,"Sat",10,54
"2017-04-08 10:55:00",49.8410186767578,2017,"Apr",8,"Sat",10,55
"2017-04-08 10:56:00",49.8410186767578,2017,"Apr",8,"Sat",10,56
"2017-04-08 10:57:00",49.8410186767578,2017,"Apr",8,"Sat",10,57
"2017-04-08 10:58:00",49.8410186767578,2017,"Apr",8,"Sat",10,58
"2017-04-08 10:59:00",49.8410186767578,2017,"Apr",8,"Sat",10,59
"2017-04-08 11:00:00",49.9303321838379,2017,"Apr",8,"Sat",11,0
"2017-04-08 11:01:00",49.5558433532715,2017,"Apr",8,"Sat",11,1
"2017-04-08 11:02:00",49.9479827880859,2017,"Apr",8,"Sat",11,2
"2017-04-08 11:03:00",49.9898643493652,2017,"Apr",8,"Sat",11,3
"2017-04-08 11:04:00",49.9657783508301,2017,"Apr",8,"Sat",11,4
"2017-04-08 11:05:00",50.0186996459961,2017,"Apr",8,"Sat",11,5
"2017-04-08 11:06:00",49.9187774658203,2017,"Apr",8,"Sat",11,6
"2017-04-08 11:07:00",50.0953826904297,2017,"Apr",8,"Sat",11,7
"2017-04-08 11:08:00",49.6890182495117,2017,"Apr",8,"Sat",11,8
"2017-04-08 11:09:00",50.1414260864258,2017,"Apr",8,"Sat",11,9
"2017-04-08 11:10:00",49.8997039794922,2017,"Apr",8,"Sat",11,10
"2017-04-08 11:11:00",50.1361045837402,2017,"Apr",8,"Sat",11,11
"2017-04-08 11:12:00",49.9627723693848,2017,"Apr",8,"Sat",11,12
"2017-04-08 11:13:00",50.1361045837402,2017,"Apr",8,"Sat",11,13
"2017-04-08 11:14:00",50.1243896484375,2017,"Apr",8,"Sat",11,14
"2017-04-08 11:15:00",50.1179618835449,2017,"Apr",8,"Sat",11,15
"2017-04-08 11:16:00",50.165111541748,2017,"Apr",8,"Sat",11,16
"2017-04-08 11:17:00",50.084545135498,2017,"Apr",8,"Sat",11,17
"2017-04-08 11:18:00",50.1361045837402,2017,"Apr",8,"Sat",11,18
"2017-04-08 11:19:00",50.0693244934082,2017,"Apr",8,"Sat",11,19
"2017-04-08 11:20:00",50.1361045837402,2017,"Apr",8,"Sat",11,20
"2017-04-08 11:21:00",50.165111541748,2017,"Apr",8,"Sat",11,21
"2017-04-08 11:22:00",50.165111541748,2017,"Apr",8,"Sat",11,22
"2017-04-08 11:23:00",50.165111541748,2017,"Apr",8,"Sat",11,23
"2017-04-08 11:24:00",50.165111541748,2017,"Apr",8,"Sat",11,24
"2017-04-08 11:25:00",50.0730743408203,2017,"Apr",8,"Sat",11,25
"2017-04-08 11:26:00",50.1361045837402,2017,"Apr",8,"Sat",11,26
"2017-04-08 11:27:00",50.165111541748,2017,"Apr",8,"Sat",11,27
"2017-04-08 11:28:00",50.165111541748,2017,"Apr",8,"Sat",11,28
"2017-04-08 11:29:00",50.165111541748,2017,"Apr",8,"Sat",11,29
"2017-04-08 11:30:00",50.165111541748,2017,"Apr",8,"Sat",11,30
"2017-04-08 11:31:00",50.165111541748,2017,"Apr",8,"Sat",11,31
"2017-04-08 11:32:00",50.0730743408203,2017,"Apr",8,"Sat",11,32
"2017-04-08 11:33:00",50.1361045837402,2017,"Apr",8,"Sat",11,33
"2017-04-08 11:34:00",50.165111541748,2017,"Apr",8,"Sat",11,34
"2017-04-08 11:35:00",50.165111541748,2017,"Apr",8,"Sat",11,35
"2017-04-08 11:36:00",50.165111541748,2017,"Apr",8,"Sat",11,36
"2017-04-08 11:37:00",50.165111541748,2017,"Apr",8,"Sat",11,37
"2017-04-08 11:38:00",50.165111541748,2017,"Apr",8,"Sat",11,38
"2017-04-08 11:39:00",50.0730743408203,2017,"Apr",8,"Sat",11,39
"2017-04-08 11:40:00",50.1361045837402,2017,"Apr",8,"Sat",11,40
"2017-04-08 11:41:00",50.165111541748,2017,"Apr",8,"Sat",11,41
"2017-04-08 11:42:00",50.165111541748,2017,"Apr",8,"Sat",11,42
"2017-04-08 11:43:00",50.165111541748,2017,"Apr",8,"Sat",11,43
"2017-04-08 11:44:00",50.165111541748,2017,"Apr",8,"Sat",11,44
"2017-04-08 11:45:00",50.165111541748,2017,"Apr",8,"Sat",11,45
"2017-04-08 11:46:00",50.0730743408203,2017,"Apr",8,"Sat",11,46
"2017-04-08 11:47:00",50.1361045837402,2017,"Apr",8,"Sat",11,47
"2017-04-08 11:48:00",50.165111541748,2017,"Apr",8,"Sat",11,48
"2017-04-08 11:49:00",50.165111541748,2017,"Apr",8,"Sat",11,49
"2017-04-08 11:50:00",50.165111541748,2017,"Apr",8,"Sat",11,50
"2017-04-08 11:51:00",50.165111541748,2017,"Apr",8,"Sat",11,51
"2017-04-08 11:52:00",50.165111541748,2017,"Apr",8,"Sat",11,52
"2017-04-08 11:53:00",50.0730743408203,2017,"Apr",8,"Sat",11,53
"2017-04-08 11:54:00",50.1361045837402,2017,"Apr",8,"Sat",11,54
"2017-04-08 11:55:00",50.165111541748,2017,"Apr",8,"Sat",11,55
"2017-04-08 11:56:00",50.165111541748,2017,"Apr",8,"Sat",11,56
"2017-04-08 11:57:00",50.165111541748,2017,"Apr",8,"Sat",11,57
"2017-04-08 11:58:00",50.165111541748,2017,"Apr",8,"Sat",11,58
"2017-04-08 11:59:00",50.165111541748,2017,"Apr",8,"Sat",11,59
"2017-04-08 12:00:00",50.3574600219727,2017,"Apr",8,"Sat",12,0
"2017-04-08 12:01:00",49.8193435668945,2017,"Apr",8,"Sat",12,1
"2017-04-08 12:02:00",49.9454498291016,2017,"Apr",8,"Sat",12,2
"2017-04-08 12:03:00",50.0417137145996,2017,"Apr",8,"Sat",12,3
"2017-04-08 12:04:00",50.0361518859863,2017,"Apr",8,"Sat",12,4
"2017-04-08 12:05:00",49.926399230957,2017,"Apr",8,"Sat",12,5
"2017-04-08 12:06:00",50.0482521057129,2017,"Apr",8,"Sat",12,6
"2017-04-08 12:07:00",50.1614227294922,2017,"Apr",8,"Sat",12,7
"2017-04-08 12:08:00",50.1229820251465,2017,"Apr",8,"Sat",12,8
"2017-04-08 12:09:00",49.9552383422852,2017,"Apr",8,"Sat",12,9
"2017-04-08 12:10:00",49.7941436767578,2017,"Apr",8,"Sat",12,10
"2017-04-08 12:11:00",50.1284713745117,2017,"Apr",8,"Sat",12,11
"2017-04-08 12:12:00",49.7334938049316,2017,"Apr",8,"Sat",12,12
"2017-04-08 12:13:00",50.1386413574219,2017,"Apr",8,"Sat",12,13
"2017-04-08 12:14:00",50.119499206543,2017,"Apr",8,"Sat",12,14
"2017-04-08 12:15:00",50.1234397888184,2017,"Apr",8,"Sat",12,15
"2017-04-08 12:16:00",50.0463638305664,2017,"Apr",8,"Sat",12,16
"2017-04-08 12:17:00",49.8563499450684,2017,"Apr",8,"Sat",12,17
"2017-04-08 12:18:00",50.0454635620117,2017,"Apr",8,"Sat",12,18
"2017-04-08 12:19:00",50.0992851257324,2017,"Apr",8,"Sat",12,19
"2017-04-08 12:20:00",49.9231948852539,2017,"Apr",8,"Sat",12,20
"2017-04-08 12:21:00",50.0615653991699,2017,"Apr",8,"Sat",12,21
"2017-04-08 12:22:00",50.2030944824219,2017,"Apr",8,"Sat",12,22
"2017-04-08 12:23:00",49.9347267150879,2017,"Apr",8,"Sat",12,23
"2017-04-08 12:24:00",50.0413513183594,2017,"Apr",8,"Sat",12,24
"2017-04-08 12:25:00",50.2584762573242,2017,"Apr",8,"Sat",12,25
"2017-04-08 12:26:00",50.0904426574707,2017,"Apr",8,"Sat",12,26
"2017-04-08 12:27:00",49.9853820800781,2017,"Apr",8,"Sat",12,27
"2017-04-08 12:28:00",49.9823379516602,2017,"Apr",8,"Sat",12,28
"2017-04-08 12:29:00",50.1768188476562,2017,"Apr",8,"Sat",12,29
"2017-04-08 12:30:00",49.904052734375,2017,"Apr",8,"Sat",12,30
"2017-04-08 12:31:00",50.0156898498535,2017,"Apr",8,"Sat",12,31
"2017-04-08 12:32:00",50.0486717224121,2017,"Apr",8,"Sat",12,32
"2017-04-08 12:33:00",50.2474250793457,2017,"Apr",8,"Sat",12,33
"2017-04-08 12:34:00",50.0668754577637,2017,"Apr",8,"Sat",12,34
"2017-04-08 12:35:00",49.846118927002,2017,"Apr",8,"Sat",12,35
"2017-04-08 12:36:00",49.8606719970703,2017,"Apr",8,"Sat",12,36
"2017-04-08 12:37:00",50.034107208252,2017,"Apr",8,"Sat",12,37
"2017-04-08 12:38:00",49.9231948852539,2017,"Apr",8,"Sat",12,38
"2017-04-08 12:39:00",50.1203918457031,2017,"Apr",8,"Sat",12,39
"2017-04-08 12:40:00",50.1965599060059,2017,"Apr",8,"Sat",12,40
"2017-04-08 12:41:00",49.9347267150879,2017,"Apr",8,"Sat",12,41
"2017-04-08 12:42:00",49.9382095336914,2017,"Apr",8,"Sat",12,42
"2017-04-08 12:43:00",49.9956130981445,2017,"Apr",8,"Sat",12,43
"2017-04-08 12:44:00",49.7720260620117,2017,"Apr",8,"Sat",12,44
"2017-04-08 12:45:00",49.904052734375,2017,"Apr",8,"Sat",12,45
"2017-04-08 12:46:00",49.846118927002,2017,"Apr",8,"Sat",12,46
"2017-04-08 12:47:00",50.2628135681152,2017,"Apr",8,"Sat",12,47
"2017-04-08 12:48:00",49.9347267150879,2017,"Apr",8,"Sat",12,48
"2017-04-08 12:49:00",50.0927658081055,2017,"Apr",8,"Sat",12,49
"2017-04-08 12:50:00",49.972110748291,2017,"Apr",8,"Sat",12,50
"2017-04-08 12:51:00",49.8384132385254,2017,"Apr",8,"Sat",12,51
"2017-04-08 12:52:00",49.9172210693359,2017,"Apr",8,"Sat",12,52
"2017-04-08 12:53:00",50.0138626098633,2017,"Apr",8,"Sat",12,53
"2017-04-08 12:54:00",50.1657676696777,2017,"Apr",8,"Sat",12,54
"2017-04-08 12:55:00",50.0156898498535,2017,"Apr",8,"Sat",12,55
"2017-04-08 12:56:00",50.0263404846191,2017,"Apr",8,"Sat",12,56
"2017-04-08 12:57:00",50.0330772399902,2017,"Apr",8,"Sat",12,57
"2017-04-08 12:58:00",49.8741226196289,2017,"Apr",8,"Sat",12,58
"2017-04-08 12:59:00",50.0156898498535,2017,"Apr",8,"Sat",12,59
"2017-04-08 13:00:00",50.0462799072266,2017,"Apr",8,"Sat",13,0
"2017-04-08 13:01:00",49.8916854858398,2017,"Apr",8,"Sat",13,1
"2017-04-08 13:02:00",49.6784362792969,2017,"Apr",8,"Sat",13,2
"2017-04-08 13:03:00",49.8610076904297,2017,"Apr",8,"Sat",13,3
"2017-04-08 13:04:00",49.9969367980957,2017,"Apr",8,"Sat",13,4
"2017-04-08 13:05:00",50.4238662719727,2017,"Apr",8,"Sat",13,5
"2017-04-08 13:06:00",49.6862449645996,2017,"Apr",8,"Sat",13,6
"2017-04-08 13:07:00",50.0671577453613,2017,"Apr",8,"Sat",13,7
"2017-04-08 13:08:00",49.7236747741699,2017,"Apr",8,"Sat",13,8
"2017-04-08 13:09:00",49.9969367980957,2017,"Apr",8,"Sat",13,9
"2017-04-08 13:10:00",49.9315795898438,2017,"Apr",8,"Sat",13,10
"2017-04-08 13:11:00",49.8001136779785,2017,"Apr",8,"Sat",13,11
"2017-04-08 13:12:00",49.8341789245605,2017,"Apr",8,"Sat",13,12
"2017-04-08 13:13:00",49.955924987793,2017,"Apr",8,"Sat",13,13
"2017-04-08 13:14:00",50.0102157592773,2017,"Apr",8,"Sat",13,14
"2017-04-08 13:15:00",49.9431190490723,2017,"Apr",8,"Sat",13,15
"2017-04-08 13:16:00",49.7569007873535,2017,"Apr",8,"Sat",13,16
"2017-04-08 13:17:00",49.927619934082,2017,"Apr",8,"Sat",13,17
"2017-04-08 13:18:00",49.8249931335449,2017,"Apr",8,"Sat",13,18
"2017-04-08 13:19:00",50.0038452148438,2017,"Apr",8,"Sat",13,19
"2017-04-08 13:20:00",49.8386344909668,2017,"Apr",8,"Sat",13,20
"2017-04-08 13:21:00",49.7395210266113,2017,"Apr",8,"Sat",13,21
"2017-04-08 13:22:00",49.9125938415527,2017,"Apr",8,"Sat",13,22
"2017-04-08 13:23:00",49.9812316894531,2017,"Apr",8,"Sat",13,23
"2017-04-08 13:24:00",50.0322341918945,2017,"Apr",8,"Sat",13,24
"2017-04-08 13:25:00",49.8386344909668,2017,"Apr",8,"Sat",13,25
"2017-04-08 13:26:00",49.8656349182129,2017,"Apr",8,"Sat",13,26
"2017-04-08 13:27:00",49.867992401123,2017,"Apr",8,"Sat",13,27
"2017-04-08 13:28:00",49.9191284179688,2017,"Apr",8,"Sat",13,28
"2017-04-08 13:29:00",49.8627586364746,2017,"Apr",8,"Sat",13,29
"2017-04-08 13:30:00",49.8386344909668,2017,"Apr",8,"Sat",13,30
"2017-04-08 13:31:00",49.9036293029785,2017,"Apr",8,"Sat",13,31
"2017-04-08 13:32:00",49.924633026123,2017,"Apr",8,"Sat",13,32
"2017-04-08 13:33:00",49.9997596740723,2017,"Apr",8,"Sat",13,33
"2017-04-08 13:34:00",49.8586730957031,2017,"Apr",8,"Sat",13,34
"2017-04-08 13:35:00",49.7647933959961,2017,"Apr",8,"Sat",13,35
"2017-04-08 13:36:00",49.7941513061523,2017,"Apr",8,"Sat",13,36
"2017-04-08 13:37:00",49.9149436950684,2017,"Apr",8,"Sat",13,37
"2017-04-08 13:38:00",49.9667549133301,2017,"Apr",8,"Sat",13,38
"2017-04-08 13:39:00",49.9230804443359,2017,"Apr",8,"Sat",13,39
"2017-04-08 13:40:00",49.9555854797363,2017,"Apr",8,"Sat",13,40
"2017-04-08 13:41:00",49.8861122131348,2017,"Apr",8,"Sat",13,41
"2017-04-08 13:42:00",49.924633026123,2017,"Apr",8,"Sat",13,42
"2017-04-08 13:43:00",49.8586730957031,2017,"Apr",8,"Sat",13,43
"2017-04-08 13:44:00",49.8386344909668,2017,"Apr",8,"Sat",13,44
"2017-04-08 13:45:00",49.8288307189941,2017,"Apr",8,"Sat",13,45
"2017-04-08 13:46:00",49.8458824157715,2017,"Apr",8,"Sat",13,46
"2017-04-08 13:47:00",50.0090789794922,2017,"Apr",8,"Sat",13,47
"2017-04-08 13:48:00",49.9797210693359,2017,"Apr",8,"Sat",13,48
"2017-04-08 13:49:00",49.9797210693359,2017,"Apr",8,"Sat",13,49
"2017-04-08 13:50:00",49.8832359313965,2017,"Apr",8,"Sat",13,50
"2017-04-08 13:51:00",49.8952751159668,2017,"Apr",8,"Sat",13,51
"2017-04-08 13:52:00",49.9004669189453,2017,"Apr",8,"Sat",13,52
"2017-04-08 13:53:00",49.8386344909668,2017,"Apr",8,"Sat",13,53
"2017-04-08 13:54:00",49.8498344421387,2017,"Apr",8,"Sat",13,54
"2017-04-08 13:55:00",49.8498344421387,2017,"Apr",8,"Sat",13,55
"2017-04-08 13:56:00",50.0090789794922,2017,"Apr",8,"Sat",13,56
"2017-04-08 13:57:00",50.0291175842285,2017,"Apr",8,"Sat",13,57
"2017-04-08 13:58:00",49.9997596740723,2017,"Apr",8,"Sat",13,58
"2017-04-08 13:59:00",49.9428634643555,2017,"Apr",8,"Sat",13,59
"2017-04-08 14:00:00",50.1167907714844,2017,"Apr",8,"Sat",14,0
"2017-04-08 14:01:00",49.7014236450195,2017,"Apr",8,"Sat",14,1
"2017-04-08 14:02:00",50.1797790527344,2017,"Apr",8,"Sat",14,2
"2017-04-08 14:03:00",49.9424095153809,2017,"Apr",8,"Sat",14,3
"2017-04-08 14:04:00",49.9706573486328,2017,"Apr",8,"Sat",14,4
"2017-04-08 14:05:00",49.8268356323242,2017,"Apr",8,"Sat",14,5
"2017-04-08 14:06:00",49.9236259460449,2017,"Apr",8,"Sat",14,6
"2017-04-08 14:07:00",49.936351776123,2017,"Apr",8,"Sat",14,7
"2017-04-08 14:08:00",49.798282623291,2017,"Apr",8,"Sat",14,8
"2017-04-08 14:09:00",49.9236259460449,2017,"Apr",8,"Sat",14,9
"2017-04-08 14:10:00",49.8768768310547,2017,"Apr",8,"Sat",14,10
"2017-04-08 14:11:00",49.9521789550781,2017,"Apr",8,"Sat",14,11
"2017-04-08 14:12:00",49.9236259460449,2017,"Apr",8,"Sat",14,12
"2017-04-08 14:13:00",49.9236259460449,2017,"Apr",8,"Sat",14,13
"2017-04-08 14:14:00",49.9521789550781,2017,"Apr",8,"Sat",14,14
"2017-04-08 14:15:00",49.9236259460449,2017,"Apr",8,"Sat",14,15
"2017-04-08 14:16:00",49.9236259460449,2017,"Apr",8,"Sat",14,16
"2017-04-08 14:17:00",49.9236259460449,2017,"Apr",8,"Sat",14,17
"2017-04-08 14:18:00",49.9521789550781,2017,"Apr",8,"Sat",14,18
"2017-04-08 14:19:00",49.9236259460449,2017,"Apr",8,"Sat",14,19
"2017-04-08 14:20:00",49.9236259460449,2017,"Apr",8,"Sat",14,20
"2017-04-08 14:21:00",49.9521789550781,2017,"Apr",8,"Sat",14,21
"2017-04-08 14:22:00",49.9236259460449,2017,"Apr",8,"Sat",14,22
"2017-04-08 14:23:00",49.9521789550781,2017,"Apr",8,"Sat",14,23
"2017-04-08 14:24:00",49.9236259460449,2017,"Apr",8,"Sat",14,24
"2017-04-08 14:25:00",49.9236259460449,2017,"Apr",8,"Sat",14,25
"2017-04-08 14:26:00",49.9236259460449,2017,"Apr",8,"Sat",14,26
"2017-04-08 14:27:00",49.9236259460449,2017,"Apr",8,"Sat",14,27
"2017-04-08 14:28:00",49.9236259460449,2017,"Apr",8,"Sat",14,28
"2017-04-08 14:29:00",49.9236259460449,2017,"Apr",8,"Sat",14,29
"2017-04-08 14:30:00",49.9236259460449,2017,"Apr",8,"Sat",14,30
"2017-04-08 14:31:00",49.9236259460449,2017,"Apr",8,"Sat",14,31
"2017-04-08 14:32:00",49.9236259460449,2017,"Apr",8,"Sat",14,32
"2017-04-08 14:33:00",49.9236259460449,2017,"Apr",8,"Sat",14,33
"2017-04-08 14:34:00",49.9236259460449,2017,"Apr",8,"Sat",14,34
"2017-04-08 14:35:00",49.9236259460449,2017,"Apr",8,"Sat",14,35
"2017-04-08 14:36:00",49.9236259460449,2017,"Apr",8,"Sat",14,36
"2017-04-08 14:37:00",49.9236259460449,2017,"Apr",8,"Sat",14,37
"2017-04-08 14:38:00",49.9236259460449,2017,"Apr",8,"Sat",14,38
"2017-04-08 14:39:00",49.9236259460449,2017,"Apr",8,"Sat",14,39
"2017-04-08 14:40:00",49.9236259460449,2017,"Apr",8,"Sat",14,40
"2017-04-08 14:41:00",49.9236259460449,2017,"Apr",8,"Sat",14,41
"2017-04-08 14:42:00",49.9236259460449,2017,"Apr",8,"Sat",14,42
"2017-04-08 14:43:00",49.9236259460449,2017,"Apr",8,"Sat",14,43
"2017-04-08 14:44:00",49.9236259460449,2017,"Apr",8,"Sat",14,44
"2017-04-08 14:45:00",49.9236259460449,2017,"Apr",8,"Sat",14,45
"2017-04-08 14:46:00",49.9236259460449,2017,"Apr",8,"Sat",14,46
"2017-04-08 14:47:00",49.9236259460449,2017,"Apr",8,"Sat",14,47
"2017-04-08 14:48:00",49.9236259460449,2017,"Apr",8,"Sat",14,48
"2017-04-08 14:49:00",49.9236259460449,2017,"Apr",8,"Sat",14,49
"2017-04-08 14:50:00",49.9236259460449,2017,"Apr",8,"Sat",14,50
"2017-04-08 14:51:00",49.9236259460449,2017,"Apr",8,"Sat",14,51
"2017-04-08 14:52:00",49.9236259460449,2017,"Apr",8,"Sat",14,52
"2017-04-08 14:53:00",49.9236259460449,2017,"Apr",8,"Sat",14,53
"2017-04-08 14:54:00",49.9236259460449,2017,"Apr",8,"Sat",14,54
"2017-04-08 14:55:00",49.9236259460449,2017,"Apr",8,"Sat",14,55
"2017-04-08 14:56:00",49.9236259460449,2017,"Apr",8,"Sat",14,56
"2017-04-08 14:57:00",49.9236259460449,2017,"Apr",8,"Sat",14,57
"2017-04-08 14:58:00",49.9236259460449,2017,"Apr",8,"Sat",14,58
"2017-04-08 14:59:00",49.9236259460449,2017,"Apr",8,"Sat",14,59
"2017-04-08 15:00:00",50.7416763305664,2017,"Apr",8,"Sat",15,0
"2017-04-08 15:01:00",50.1188087463379,2017,"Apr",8,"Sat",15,1
"2017-04-08 15:02:00",50.3558654785156,2017,"Apr",8,"Sat",15,2
"2017-04-08 15:03:00",50.5452995300293,2017,"Apr",8,"Sat",15,3
"2017-04-08 15:04:00",50.2762107849121,2017,"Apr",8,"Sat",15,4
"2017-04-08 15:05:00",50.3891220092773,2017,"Apr",8,"Sat",15,5
"2017-04-08 15:06:00",50.1198348999023,2017,"Apr",8,"Sat",15,6
"2017-04-08 15:07:00",50.3167610168457,2017,"Apr",8,"Sat",15,7
"2017-04-08 15:08:00",50.4774513244629,2017,"Apr",8,"Sat",15,8
"2017-04-08 15:09:00",49.9762382507324,2017,"Apr",8,"Sat",15,9
"2017-04-08 15:10:00",50.1010627746582,2017,"Apr",8,"Sat",15,10
"2017-04-08 15:11:00",50.3612899780273,2017,"Apr",8,"Sat",15,11
"2017-04-08 15:12:00",50.5790863037109,2017,"Apr",8,"Sat",15,12
"2017-04-08 15:13:00",50.0648651123047,2017,"Apr",8,"Sat",15,13
"2017-04-08 15:14:00",50.0719566345215,2017,"Apr",8,"Sat",15,14
"2017-04-08 15:15:00",50.5775260925293,2017,"Apr",8,"Sat",15,15
"2017-04-08 15:16:00",50.3338317871094,2017,"Apr",8,"Sat",15,16
"2017-04-08 15:17:00",50.0827369689941,2017,"Apr",8,"Sat",15,17
"2017-04-08 15:18:00",50.2692375183105,2017,"Apr",8,"Sat",15,18
"2017-04-08 15:19:00",50.3962097167969,2017,"Apr",8,"Sat",15,19
"2017-04-08 15:20:00",50.3931770324707,2017,"Apr",8,"Sat",15,20
"2017-04-08 15:21:00",50.3777198791504,2017,"Apr",8,"Sat",15,21
"2017-04-08 15:22:00",50.3239669799805,2017,"Apr",8,"Sat",15,22
"2017-04-08 15:23:00",50.2579612731934,2017,"Apr",8,"Sat",15,23
"2017-04-08 15:24:00",50.5203018188477,2017,"Apr",8,"Sat",15,24
"2017-04-08 15:25:00",50.3998374938965,2017,"Apr",8,"Sat",15,25
"2017-04-08 15:26:00",49.9885177612305,2017,"Apr",8,"Sat",15,26
"2017-04-08 15:27:00",50.5242767333984,2017,"Apr",8,"Sat",15,27
"2017-04-08 15:28:00",50.3597755432129,2017,"Apr",8,"Sat",15,28
"2017-04-08 15:29:00",50.0827369689941,2017,"Apr",8,"Sat",15,29
"2017-04-08 15:30:00",50.2755165100098,2017,"Apr",8,"Sat",15,30
"2017-04-08 15:31:00",50.3597755432129,2017,"Apr",8,"Sat",15,31
"2017-04-08 15:32:00",50.3931770324707,2017,"Apr",8,"Sat",15,32
"2017-04-08 15:33:00",50.3552360534668,2017,"Apr",8,"Sat",15,33
"2017-04-08 15:34:00",50.3239669799805,2017,"Apr",8,"Sat",15,34
"2017-04-08 15:35:00",50.2166748046875,2017,"Apr",8,"Sat",15,35
"2017-04-08 15:36:00",50.287769317627,2017,"Apr",8,"Sat",15,36
"2017-04-08 15:37:00",50.3338317871094,2017,"Apr",8,"Sat",15,37
"2017-04-08 15:38:00",50.0648651123047,2017,"Apr",8,"Sat",15,38
"2017-04-08 15:39:00",50.2651481628418,2017,"Apr",8,"Sat",15,39
"2017-04-08 15:40:00",50.4272422790527,2017,"Apr",8,"Sat",15,40
"2017-04-08 15:41:00",50.1543121337891,2017,"Apr",8,"Sat",15,41
"2017-04-08 15:42:00",50.3239669799805,2017,"Apr",8,"Sat",15,42
"2017-04-08 15:43:00",50.3275527954102,2017,"Apr",8,"Sat",15,43
"2017-04-08 15:44:00",50.1991424560547,2017,"Apr",8,"Sat",15,44
"2017-04-08 15:45:00",50.287769317627,2017,"Apr",8,"Sat",15,45
"2017-04-08 15:46:00",50.3772163391113,2017,"Apr",8,"Sat",15,46
"2017-04-08 15:47:00",50.3326148986816,2017,"Apr",8,"Sat",15,47
"2017-04-08 15:48:00",50.3239669799805,2017,"Apr",8,"Sat",15,48
"2017-04-08 15:49:00",50.2477073669434,2017,"Apr",8,"Sat",15,49
"2017-04-08 15:50:00",50.2477073669434,2017,"Apr",8,"Sat",15,50
"2017-04-08 15:51:00",50.3338317871094,2017,"Apr",8,"Sat",15,51
"2017-04-08 15:52:00",50.3597755432129,2017,"Apr",8,"Sat",15,52
"2017-04-08 15:53:00",50.2477073669434,2017,"Apr",8,"Sat",15,53
"2017-04-08 15:54:00",50.3326148986816,2017,"Apr",8,"Sat",15,54
"2017-04-08 15:55:00",50.3597755432129,2017,"Apr",8,"Sat",15,55
"2017-04-08 15:56:00",50.2651481628418,2017,"Apr",8,"Sat",15,56
"2017-04-08 15:57:00",50.287769317627,2017,"Apr",8,"Sat",15,57
"2017-04-08 15:58:00",50.3112106323242,2017,"Apr",8,"Sat",15,58
"2017-04-08 15:59:00",50.2477073669434,2017,"Apr",8,"Sat",15,59
"2017-04-08 16:00:00",49.8652267456055,2017,"Apr",8,"Sat",16,0
"2017-04-08 16:01:00",49.6820220947266,2017,"Apr",8,"Sat",16,1
"2017-04-08 16:02:00",49.3965072631836,2017,"Apr",8,"Sat",16,2
"2017-04-08 16:03:00",49.9016799926758,2017,"Apr",8,"Sat",16,3
"2017-04-08 16:04:00",49.7578926086426,2017,"Apr",8,"Sat",16,4
"2017-04-08 16:05:00",50.3334426879883,2017,"Apr",8,"Sat",16,5
"2017-04-08 16:06:00",49.7588539123535,2017,"Apr",8,"Sat",16,6
"2017-04-08 16:07:00",49.7610549926758,2017,"Apr",8,"Sat",16,7
"2017-04-08 16:08:00",49.9274101257324,2017,"Apr",8,"Sat",16,8
"2017-04-08 16:09:00",49.9327812194824,2017,"Apr",8,"Sat",16,9
"2017-04-08 16:10:00",49.9352264404297,2017,"Apr",8,"Sat",16,10
"2017-04-08 16:11:00",49.9352264404297,2017,"Apr",8,"Sat",16,11
"2017-04-08 16:12:00",49.6581077575684,2017,"Apr",8,"Sat",16,12
"2017-04-08 16:13:00",49.9097213745117,2017,"Apr",8,"Sat",16,13
"2017-04-08 16:14:00",49.8186950683594,2017,"Apr",8,"Sat",16,14
"2017-04-08 16:15:00",49.7728614807129,2017,"Apr",8,"Sat",16,15
"2017-04-08 16:16:00",49.8105278015137,2017,"Apr",8,"Sat",16,16
"2017-04-08 16:17:00",49.5653800964355,2017,"Apr",8,"Sat",16,17
"2017-04-08 16:18:00",49.6003875732422,2017,"Apr",8,"Sat",16,18
"2017-04-08 16:19:00",49.8007354736328,2017,"Apr",8,"Sat",16,19
"2017-04-08 16:20:00",49.9406814575195,2017,"Apr",8,"Sat",16,20
"2017-04-08 16:21:00",49.9352264404297,2017,"Apr",8,"Sat",16,21
"2017-04-08 16:22:00",49.9406814575195,2017,"Apr",8,"Sat",16,22
"2017-04-08 16:23:00",49.8060989379883,2017,"Apr",8,"Sat",16,23
"2017-04-08 16:24:00",49.8185005187988,2017,"Apr",8,"Sat",16,24
"2017-04-08 16:25:00",49.9530830383301,2017,"Apr",8,"Sat",16,25
"2017-04-08 16:26:00",49.9352264404297,2017,"Apr",8,"Sat",16,26
"2017-04-08 16:27:00",49.7412261962891,2017,"Apr",8,"Sat",16,27
"2017-04-08 16:28:00",49.663402557373,2017,"Apr",8,"Sat",16,28
"2017-04-08 16:29:00",49.4131965637207,2017,"Apr",8,"Sat",16,29
"2017-04-08 16:30:00",49.7915534973145,2017,"Apr",8,"Sat",16,30
"2017-04-08 16:31:00",49.9406814575195,2017,"Apr",8,"Sat",16,31
"2017-04-08 16:32:00",49.7728614807129,2017,"Apr",8,"Sat",16,32
"2017-04-08 16:33:00",49.663402557373,2017,"Apr",8,"Sat",16,33
"2017-04-08 16:34:00",49.5890731811523,2017,"Apr",8,"Sat",16,34
"2017-04-08 16:35:00",49.9214706420898,2017,"Apr",8,"Sat",16,35
"2017-04-08 16:36:00",49.9530830383301,2017,"Apr",8,"Sat",16,36
"2017-04-08 16:37:00",49.9352264404297,2017,"Apr",8,"Sat",16,37
"2017-04-08 16:38:00",49.7412261962891,2017,"Apr",8,"Sat",16,38
"2017-04-08 16:39:00",49.6966400146484,2017,"Apr",8,"Sat",16,39
"2017-04-08 16:40:00",49.9214706420898,2017,"Apr",8,"Sat",16,40
"2017-04-08 16:41:00",49.8310966491699,2017,"Apr",8,"Sat",16,41
"2017-04-08 16:42:00",49.767406463623,2017,"Apr",8,"Sat",16,42
"2017-04-08 16:43:00",49.767406463623,2017,"Apr",8,"Sat",16,43
"2017-04-08 16:44:00",49.663402557373,2017,"Apr",8,"Sat",16,44
"2017-04-08 16:45:00",49.701587677002,2017,"Apr",8,"Sat",16,45
"2017-04-08 16:46:00",49.9134140014648,2017,"Apr",8,"Sat",16,46
"2017-04-08 16:47:00",49.7728614807129,2017,"Apr",8,"Sat",16,47
"2017-04-08 16:48:00",49.9352264404297,2017,"Apr",8,"Sat",16,48
"2017-04-08 16:49:00",49.9406814575195,2017,"Apr",8,"Sat",16,49
"2017-04-08 16:50:00",49.8060989379883,2017,"Apr",8,"Sat",16,50
"2017-04-08 16:51:00",49.8185005187988,2017,"Apr",8,"Sat",16,51
"2017-04-08 16:52:00",49.9530830383301,2017,"Apr",8,"Sat",16,52
"2017-04-08 16:53:00",49.9352264404297,2017,"Apr",8,"Sat",16,53
"2017-04-08 16:54:00",49.9406814575195,2017,"Apr",8,"Sat",16,54
"2017-04-08 16:55:00",49.7728614807129,2017,"Apr",8,"Sat",16,55
"2017-04-08 16:56:00",49.4528656005859,2017,"Apr",8,"Sat",16,56
"2017-04-08 16:57:00",49.7915534973145,2017,"Apr",8,"Sat",16,57
"2017-04-08 16:58:00",49.9406814575195,2017,"Apr",8,"Sat",16,58
"2017-04-08 16:59:00",49.7728614807129,2017,"Apr",8,"Sat",16,59
"2017-04-08 17:00:00",49.3122711181641,2017,"Apr",8,"Sat",17,0
"2017-04-08 17:01:00",49.2087020874023,2017,"Apr",8,"Sat",17,1
"2017-04-08 17:02:00",49.1508865356445,2017,"Apr",8,"Sat",17,2
"2017-04-08 17:03:00",49.6429557800293,2017,"Apr",8,"Sat",17,3
"2017-04-08 17:04:00",49.5223770141602,2017,"Apr",8,"Sat",17,4
"2017-04-08 17:05:00",49.5365371704102,2017,"Apr",8,"Sat",17,5
"2017-04-08 17:06:00",49.7303428649902,2017,"Apr",8,"Sat",17,6
"2017-04-08 17:07:00",49.8016395568848,2017,"Apr",8,"Sat",17,7
"2017-04-08 17:08:00",49.5709114074707,2017,"Apr",8,"Sat",17,8
"2017-04-08 17:09:00",49.476203918457,2017,"Apr",8,"Sat",17,9
"2017-04-08 17:10:00",49.4656219482422,2017,"Apr",8,"Sat",17,10
"2017-04-08 17:11:00",49.4843254089355,2017,"Apr",8,"Sat",17,11
"2017-04-08 17:12:00",49.3829383850098,2017,"Apr",8,"Sat",17,12
"2017-04-08 17:13:00",49.6885871887207,2017,"Apr",8,"Sat",17,13
"2017-04-08 17:14:00",49.6305084228516,2017,"Apr",8,"Sat",17,14
"2017-04-08 17:15:00",49.5290679931641,2017,"Apr",8,"Sat",17,15
"2017-04-08 17:16:00",49.7281303405762,2017,"Apr",8,"Sat",17,16
"2017-04-08 17:17:00",49.5386695861816,2017,"Apr",8,"Sat",17,17
"2017-04-08 17:18:00",49.5177955627441,2017,"Apr",8,"Sat",17,18
"2017-04-08 17:19:00",49.6183128356934,2017,"Apr",8,"Sat",17,19
"2017-04-08 17:20:00",49.8607864379883,2017,"Apr",8,"Sat",17,20
"2017-04-08 17:21:00",49.5890655517578,2017,"Apr",8,"Sat",17,21
"2017-04-08 17:22:00",49.6695899963379,2017,"Apr",8,"Sat",17,22
"2017-04-08 17:23:00",49.4670257568359,2017,"Apr",8,"Sat",17,23
"2017-04-08 17:24:00",49.6885871887207,2017,"Apr",8,"Sat",17,24
"2017-04-08 17:25:00",49.6215057373047,2017,"Apr",8,"Sat",17,25
"2017-04-08 17:26:00",49.6620674133301,2017,"Apr",8,"Sat",17,26
"2017-04-08 17:27:00",49.6885871887207,2017,"Apr",8,"Sat",17,27
"2017-04-08 17:28:00",49.451244354248,2017,"Apr",8,"Sat",17,28
"2017-04-08 17:29:00",49.862865447998,2017,"Apr",8,"Sat",17,29
"2017-04-08 17:30:00",49.4994697570801,2017,"Apr",8,"Sat",17,30
"2017-04-08 17:31:00",49.4232711791992,2017,"Apr",8,"Sat",17,31
"2017-04-08 17:32:00",49.6885871887207,2017,"Apr",8,"Sat",17,32
"2017-04-08 17:33:00",49.5369071960449,2017,"Apr",8,"Sat",17,33
"2017-04-08 17:34:00",49.3194198608398,2017,"Apr",8,"Sat",17,34
"2017-04-08 17:35:00",49.3937301635742,2017,"Apr",8,"Sat",17,35
"2017-04-08 17:36:00",49.4382553100586,2017,"Apr",8,"Sat",17,36
"2017-04-08 17:37:00",49.43212890625,2017,"Apr",8,"Sat",17,37
"2017-04-08 17:38:00",49.9109497070312,2017,"Apr",8,"Sat",17,38
"2017-04-08 17:39:00",49.4404029846191,2017,"Apr",8,"Sat",17,39
"2017-04-08 17:40:00",49.4436187744141,2017,"Apr",8,"Sat",17,40
"2017-04-08 17:41:00",49.4030570983887,2017,"Apr",8,"Sat",17,41
"2017-04-08 17:42:00",49.7210655212402,2017,"Apr",8,"Sat",17,42
"2017-04-08 17:43:00",49.7131805419922,2017,"Apr",8,"Sat",17,43
"2017-04-08 17:44:00",49.4481811523438,2017,"Apr",8,"Sat",17,44
"2017-04-08 17:45:00",49.6039657592773,2017,"Apr",8,"Sat",17,45
"2017-04-08 17:46:00",49.8213539123535,2017,"Apr",8,"Sat",17,46
"2017-04-08 17:47:00",49.8912200927734,2017,"Apr",8,"Sat",17,47
"2017-04-08 17:48:00",49.5948448181152,2017,"Apr",8,"Sat",17,48
"2017-04-08 17:49:00",49.9031715393066,2017,"Apr",8,"Sat",17,49
"2017-04-08 17:50:00",49.6390991210938,2017,"Apr",8,"Sat",17,50
"2017-04-08 17:51:00",49.6695899963379,2017,"Apr",8,"Sat",17,51
"2017-04-08 17:52:00",49.5271759033203,2017,"Apr",8,"Sat",17,52
"2017-04-08 17:53:00",49.6885871887207,2017,"Apr",8,"Sat",17,53
"2017-04-08 17:54:00",49.7524490356445,2017,"Apr",8,"Sat",17,54
"2017-04-08 17:55:00",49.9051628112793,2017,"Apr",8,"Sat",17,55
"2017-04-08 17:56:00",49.7652931213379,2017,"Apr",8,"Sat",17,56
"2017-04-08 17:57:00",49.730884552002,2017,"Apr",8,"Sat",17,57
"2017-04-08 17:58:00",49.862865447998,2017,"Apr",8,"Sat",17,58
"2017-04-08 17:59:00",49.3690452575684,2017,"Apr",8,"Sat",17,59
"2017-04-08 18:00:00",49.7509078979492,2017,"Apr",8,"Sat",18,0
"2017-04-08 18:01:00",49.8500595092773,2017,"Apr",8,"Sat",18,1
"2017-04-08 18:02:00",49.9967651367188,2017,"Apr",8,"Sat",18,2
"2017-04-08 18:03:00",50.2560195922852,2017,"Apr",8,"Sat",18,3
"2017-04-08 18:04:00",50.0154151916504,2017,"Apr",8,"Sat",18,4
"2017-04-08 18:05:00",49.9800796508789,2017,"Apr",8,"Sat",18,5
"2017-04-08 18:06:00",50.0388412475586,2017,"Apr",8,"Sat",18,6
"2017-04-08 18:07:00",49.7194290161133,2017,"Apr",8,"Sat",18,7
"2017-04-08 18:08:00",50.2270774841309,2017,"Apr",8,"Sat",18,8
"2017-04-08 18:09:00",49.8529243469238,2017,"Apr",8,"Sat",18,9
"2017-04-08 18:10:00",50.1041107177734,2017,"Apr",8,"Sat",18,10
"2017-04-08 18:11:00",49.7969703674316,2017,"Apr",8,"Sat",18,11
"2017-04-08 18:12:00",49.9717597961426,2017,"Apr",8,"Sat",18,12
"2017-04-08 18:13:00",49.958381652832,2017,"Apr",8,"Sat",18,13
"2017-04-08 18:14:00",49.9974021911621,2017,"Apr",8,"Sat",18,14
"2017-04-08 18:15:00",50.0680618286133,2017,"Apr",8,"Sat",18,15
"2017-04-08 18:16:00",49.9773368835449,2017,"Apr",8,"Sat",18,16
"2017-04-08 18:17:00",49.8603858947754,2017,"Apr",8,"Sat",18,17
"2017-04-08 18:18:00",50.0249404907227,2017,"Apr",8,"Sat",18,18
"2017-04-08 18:19:00",50.2111473083496,2017,"Apr",8,"Sat",18,19
"2017-04-08 18:20:00",50.1433448791504,2017,"Apr",8,"Sat",18,20
"2017-04-08 18:21:00",49.8265533447266,2017,"Apr",8,"Sat",18,21
"2017-04-08 18:22:00",50.0654716491699,2017,"Apr",8,"Sat",18,22
"2017-04-08 18:23:00",50.1806983947754,2017,"Apr",8,"Sat",18,23
"2017-04-08 18:24:00",50.0166511535645,2017,"Apr",8,"Sat",18,24
"2017-04-08 18:25:00",49.8878936767578,2017,"Apr",8,"Sat",18,25
"2017-04-08 18:26:00",49.9157524108887,2017,"Apr",8,"Sat",18,26
"2017-04-08 18:27:00",50.0936851501465,2017,"Apr",8,"Sat",18,27
"2017-04-08 18:28:00",49.9205474853516,2017,"Apr",8,"Sat",18,28
"2017-04-08 18:29:00",49.8159599304199,2017,"Apr",8,"Sat",18,29
"2017-04-08 18:30:00",50.0654716491699,2017,"Apr",8,"Sat",18,30
"2017-04-08 18:31:00",50.1135444641113,2017,"Apr",8,"Sat",18,31
"2017-04-08 18:32:00",50.0702667236328,2017,"Apr",8,"Sat",18,32
"2017-04-08 18:33:00",49.8350677490234,2017,"Apr",8,"Sat",18,33
"2017-04-08 18:34:00",50.1222915649414,2017,"Apr",8,"Sat",18,34
"2017-04-08 18:35:00",50.0249404907227,2017,"Apr",8,"Sat",18,35
"2017-04-08 18:36:00",50.0641555786133,2017,"Apr",8,"Sat",18,36
"2017-04-08 18:37:00",49.776912689209,2017,"Apr",8,"Sat",18,37
"2017-04-08 18:38:00",49.8999900817871,2017,"Apr",8,"Sat",18,38
"2017-04-08 18:39:00",50.1257400512695,2017,"Apr",8,"Sat",18,39
"2017-04-08 18:40:00",50.0166511535645,2017,"Apr",8,"Sat",18,40
"2017-04-08 18:41:00",49.8601150512695,2017,"Apr",8,"Sat",18,41
"2017-04-08 18:42:00",49.8551597595215,2017,"Apr",8,"Sat",18,42
"2017-04-08 18:43:00",49.9840393066406,2017,"Apr",8,"Sat",18,43
"2017-04-08 18:44:00",50.1663703918457,2017,"Apr",8,"Sat",18,44
"2017-04-08 18:45:00",49.9560585021973,2017,"Apr",8,"Sat",18,45
"2017-04-08 18:46:00",50.1139678955078,2017,"Apr",8,"Sat",18,46
"2017-04-08 18:47:00",50.0654716491699,2017,"Apr",8,"Sat",18,47
"2017-04-08 18:48:00",50.270694732666,2017,"Apr",8,"Sat",18,48
"2017-04-08 18:49:00",50.0972366333008,2017,"Apr",8,"Sat",18,49
"2017-04-08 18:50:00",49.8752212524414,2017,"Apr",8,"Sat",18,50
"2017-04-08 18:51:00",50.0249404907227,2017,"Apr",8,"Sat",18,51
"2017-04-08 18:52:00",49.8756523132324,2017,"Apr",8,"Sat",18,52
"2017-04-08 18:53:00",49.9205474853516,2017,"Apr",8,"Sat",18,53
"2017-04-08 18:54:00",49.8308753967285,2017,"Apr",8,"Sat",18,54
"2017-04-08 18:55:00",50.0347442626953,2017,"Apr",8,"Sat",18,55
"2017-04-08 18:56:00",50.1057777404785,2017,"Apr",8,"Sat",18,56
"2017-04-08 18:57:00",49.9610786437988,2017,"Apr",8,"Sat",18,57
"2017-04-08 18:58:00",50.001033782959,2017,"Apr",8,"Sat",18,58
"2017-04-08 18:59:00",50.0654716491699,2017,"Apr",8,"Sat",18,59
"2017-04-08 19:00:00",49.4036140441895,2017,"Apr",8,"Sat",19,0
"2017-04-08 19:01:00",49.4930839538574,2017,"Apr",8,"Sat",19,1
"2017-04-08 19:02:00",49.7111129760742,2017,"Apr",8,"Sat",19,2
"2017-04-08 19:03:00",49.8472900390625,2017,"Apr",8,"Sat",19,3
"2017-04-08 19:04:00",49.2728652954102,2017,"Apr",8,"Sat",19,4
"2017-04-08 19:05:00",49.579345703125,2017,"Apr",8,"Sat",19,5
"2017-04-08 19:06:00",49.5307998657227,2017,"Apr",8,"Sat",19,6
"2017-04-08 19:07:00",49.5229263305664,2017,"Apr",8,"Sat",19,7
"2017-04-08 19:08:00",49.8644828796387,2017,"Apr",8,"Sat",19,8
"2017-04-08 19:09:00",49.5338478088379,2017,"Apr",8,"Sat",19,9
"2017-04-08 19:10:00",49.5851364135742,2017,"Apr",8,"Sat",19,10
"2017-04-08 19:11:00",49.8259124755859,2017,"Apr",8,"Sat",19,11
"2017-04-08 19:12:00",49.6291618347168,2017,"Apr",8,"Sat",19,12
"2017-04-08 19:13:00",49.6329116821289,2017,"Apr",8,"Sat",19,13
"2017-04-08 19:14:00",49.6968612670898,2017,"Apr",8,"Sat",19,14
"2017-04-08 19:15:00",49.9115333557129,2017,"Apr",8,"Sat",19,15
"2017-04-08 19:16:00",49.8508224487305,2017,"Apr",8,"Sat",19,16
"2017-04-08 19:17:00",49.571533203125,2017,"Apr",8,"Sat",19,17
"2017-04-08 19:18:00",49.5199165344238,2017,"Apr",8,"Sat",19,18
"2017-04-08 19:19:00",49.5621337890625,2017,"Apr",8,"Sat",19,19
"2017-04-08 19:20:00",49.7632675170898,2017,"Apr",8,"Sat",19,20
"2017-04-08 19:21:00",49.7073135375977,2017,"Apr",8,"Sat",19,21
"2017-04-08 19:22:00",49.9025268554688,2017,"Apr",8,"Sat",19,22
"2017-04-08 19:23:00",49.5694427490234,2017,"Apr",8,"Sat",19,23
"2017-04-08 19:24:00",49.6396903991699,2017,"Apr",8,"Sat",19,24
"2017-04-08 19:25:00",49.5441436767578,2017,"Apr",8,"Sat",19,25
"2017-04-08 19:26:00",49.5749702453613,2017,"Apr",8,"Sat",19,26
"2017-04-08 19:27:00",49.6432838439941,2017,"Apr",8,"Sat",19,27
"2017-04-08 19:28:00",49.767936706543,2017,"Apr",8,"Sat",19,28
"2017-04-08 19:29:00",49.8890914916992,2017,"Apr",8,"Sat",19,29
"2017-04-08 19:30:00",49.4535179138184,2017,"Apr",8,"Sat",19,30
"2017-04-08 19:31:00",49.6435432434082,2017,"Apr",8,"Sat",19,31
"2017-04-08 19:32:00",49.4701652526855,2017,"Apr",8,"Sat",19,32
"2017-04-08 19:33:00",49.7414321899414,2017,"Apr",8,"Sat",19,33
"2017-04-08 19:34:00",49.6089820861816,2017,"Apr",8,"Sat",19,34
"2017-04-08 19:35:00",49.7568397521973,2017,"Apr",8,"Sat",19,35
"2017-04-08 19:36:00",49.828685760498,2017,"Apr",8,"Sat",19,36
"2017-04-08 19:37:00",49.5350189208984,2017,"Apr",8,"Sat",19,37
"2017-04-08 19:38:00",49.5812225341797,2017,"Apr",8,"Sat",19,38
"2017-04-08 19:39:00",49.4337730407715,2017,"Apr",8,"Sat",19,39
"2017-04-08 19:40:00",49.6409912109375,2017,"Apr",8,"Sat",19,40
"2017-04-08 19:41:00",49.6773376464844,2017,"Apr",8,"Sat",19,41
"2017-04-08 19:42:00",49.4631843566895,2017,"Apr",8,"Sat",19,42
"2017-04-08 19:43:00",49.8566436767578,2017,"Apr",8,"Sat",19,43
"2017-04-08 19:44:00",49.4611778259277,2017,"Apr",8,"Sat",19,44
"2017-04-08 19:45:00",49.6124076843262,2017,"Apr",8,"Sat",19,45
"2017-04-08 19:46:00",49.611499786377,2017,"Apr",8,"Sat",19,46
"2017-04-08 19:47:00",49.6918640136719,2017,"Apr",8,"Sat",19,47
"2017-04-08 19:48:00",49.7498321533203,2017,"Apr",8,"Sat",19,48
"2017-04-08 19:49:00",49.4400825500488,2017,"Apr",8,"Sat",19,49
"2017-04-08 19:50:00",49.8068542480469,2017,"Apr",8,"Sat",19,50
"2017-04-08 19:51:00",49.4611778259277,2017,"Apr",8,"Sat",19,51
"2017-04-08 19:52:00",49.6806373596191,2017,"Apr",8,"Sat",19,52
"2017-04-08 19:53:00",49.611499786377,2017,"Apr",8,"Sat",19,53
"2017-04-08 19:54:00",49.6002807617188,2017,"Apr",8,"Sat",19,54
"2017-04-08 19:55:00",49.6058349609375,2017,"Apr",8,"Sat",19,55
"2017-04-08 19:56:00",49.557975769043,2017,"Apr",8,"Sat",19,56
"2017-04-08 19:57:00",49.9025268554688,2017,"Apr",8,"Sat",19,57
"2017-04-08 19:58:00",49.7268753051758,2017,"Apr",8,"Sat",19,58
"2017-04-08 19:59:00",49.7268753051758,2017,"Apr",8,"Sat",19,59
"2017-04-08 20:00:00",49.9469451904297,2017,"Apr",8,"Sat",20,0
"2017-04-08 20:01:00",49.6559906005859,2017,"Apr",8,"Sat",20,1
"2017-04-08 20:02:00",50.2124137878418,2017,"Apr",8,"Sat",20,2
"2017-04-08 20:03:00",50.0078239440918,2017,"Apr",8,"Sat",20,3
"2017-04-08 20:04:00",49.5944862365723,2017,"Apr",8,"Sat",20,4
"2017-04-08 20:05:00",49.8849716186523,2017,"Apr",8,"Sat",20,5
"2017-04-08 20:06:00",49.7550888061523,2017,"Apr",8,"Sat",20,6
"2017-04-08 20:07:00",49.8420639038086,2017,"Apr",8,"Sat",20,7
"2017-04-08 20:08:00",49.8573684692383,2017,"Apr",8,"Sat",20,8
"2017-04-08 20:09:00",49.8468170166016,2017,"Apr",8,"Sat",20,9
"2017-04-08 20:10:00",49.809814453125,2017,"Apr",8,"Sat",20,10
"2017-04-08 20:11:00",49.9254493713379,2017,"Apr",8,"Sat",20,11
"2017-04-08 20:12:00",49.7431144714355,2017,"Apr",8,"Sat",20,12
"2017-04-08 20:13:00",49.7721557617188,2017,"Apr",8,"Sat",20,13
"2017-04-08 20:14:00",49.8420181274414,2017,"Apr",8,"Sat",20,14
"2017-04-08 20:15:00",49.7892379760742,2017,"Apr",8,"Sat",20,15
"2017-04-08 20:16:00",49.7940979003906,2017,"Apr",8,"Sat",20,16
"2017-04-08 20:17:00",49.7533683776855,2017,"Apr",8,"Sat",20,17
"2017-04-08 20:18:00",49.857292175293,2017,"Apr",8,"Sat",20,18
"2017-04-08 20:19:00",49.7169799804688,2017,"Apr",8,"Sat",20,19
"2017-04-08 20:20:00",49.8309059143066,2017,"Apr",8,"Sat",20,20
"2017-04-08 20:21:00",49.7119789123535,2017,"Apr",8,"Sat",20,21
"2017-04-08 20:22:00",49.9104042053223,2017,"Apr",8,"Sat",20,22
"2017-04-08 20:23:00",49.7238998413086,2017,"Apr",8,"Sat",20,23
"2017-04-08 20:24:00",49.9236679077148,2017,"Apr",8,"Sat",20,24
"2017-04-08 20:25:00",49.8879852294922,2017,"Apr",8,"Sat",20,25
"2017-04-08 20:26:00",49.9092674255371,2017,"Apr",8,"Sat",20,26
"2017-04-08 20:27:00",50.2041473388672,2017,"Apr",8,"Sat",20,27
"2017-04-08 20:28:00",49.9523773193359,2017,"Apr",8,"Sat",20,28
"2017-04-08 20:29:00",50.2305335998535,2017,"Apr",8,"Sat",20,29
"2017-04-08 20:30:00",49.9378280639648,2017,"Apr",8,"Sat",20,30
"2017-04-08 20:31:00",50.0027732849121,2017,"Apr",8,"Sat",20,31
"2017-04-08 20:32:00",50.1565093994141,2017,"Apr",8,"Sat",20,32
"2017-04-08 20:33:00",49.7636070251465,2017,"Apr",8,"Sat",20,33
"2017-04-08 20:34:00",50.1012840270996,2017,"Apr",8,"Sat",20,34
"2017-04-08 20:35:00",50.0124359130859,2017,"Apr",8,"Sat",20,35
"2017-04-08 20:36:00",49.8979873657227,2017,"Apr",8,"Sat",20,36
"2017-04-08 20:37:00",49.7283554077148,2017,"Apr",8,"Sat",20,37
"2017-04-08 20:38:00",50.0925369262695,2017,"Apr",8,"Sat",20,38
"2017-04-08 20:39:00",49.6994438171387,2017,"Apr",8,"Sat",20,39
"2017-04-08 20:40:00",50.1108360290527,2017,"Apr",8,"Sat",20,40
"2017-04-08 20:41:00",49.8054351806641,2017,"Apr",8,"Sat",20,41
"2017-04-08 20:42:00",50.1681938171387,2017,"Apr",8,"Sat",20,42
"2017-04-08 20:43:00",49.8772659301758,2017,"Apr",8,"Sat",20,43
"2017-04-08 20:44:00",49.918586730957,2017,"Apr",8,"Sat",20,44
"2017-04-08 20:45:00",50.2687759399414,2017,"Apr",8,"Sat",20,45
"2017-04-08 20:46:00",49.7704696655273,2017,"Apr",8,"Sat",20,46
"2017-04-08 20:47:00",50.0562629699707,2017,"Apr",8,"Sat",20,47
"2017-04-08 20:48:00",50.0132637023926,2017,"Apr",8,"Sat",20,48
"2017-04-08 20:49:00",49.9426956176758,2017,"Apr",8,"Sat",20,49
"2017-04-08 20:50:00",50.0667991638184,2017,"Apr",8,"Sat",20,50
"2017-04-08 20:51:00",49.8227195739746,2017,"Apr",8,"Sat",20,51
"2017-04-08 20:52:00",50.0886993408203,2017,"Apr",8,"Sat",20,52
"2017-04-08 20:53:00",49.8727874755859,2017,"Apr",8,"Sat",20,53
"2017-04-08 20:54:00",49.9221687316895,2017,"Apr",8,"Sat",20,54
"2017-04-08 20:55:00",49.8545150756836,2017,"Apr",8,"Sat",20,55
"2017-04-08 20:56:00",50.0708427429199,2017,"Apr",8,"Sat",20,56
"2017-04-08 20:57:00",49.9351768493652,2017,"Apr",8,"Sat",20,57
"2017-04-08 20:58:00",50.1556167602539,2017,"Apr",8,"Sat",20,58
"2017-04-08 20:59:00",49.9874725341797,2017,"Apr",8,"Sat",20,59
"2017-04-08 21:00:00",49.6439514160156,2017,"Apr",8,"Sat",21,0
"2017-04-08 21:01:00",49.8043746948242,2017,"Apr",8,"Sat",21,1
"2017-04-08 21:02:00",50.0765609741211,2017,"Apr",8,"Sat",21,2
"2017-04-08 21:03:00",49.3984107971191,2017,"Apr",8,"Sat",21,3
"2017-04-08 21:04:00",49.6948204040527,2017,"Apr",8,"Sat",21,4
"2017-04-08 21:05:00",49.7949981689453,2017,"Apr",8,"Sat",21,5
"2017-04-08 21:06:00",49.8744087219238,2017,"Apr",8,"Sat",21,6
"2017-04-08 21:07:00",49.7747611999512,2017,"Apr",8,"Sat",21,7
"2017-04-08 21:08:00",49.6965560913086,2017,"Apr",8,"Sat",21,8
"2017-04-08 21:09:00",50.1474456787109,2017,"Apr",8,"Sat",21,9
"2017-04-08 21:10:00",49.8904304504395,2017,"Apr",8,"Sat",21,10
"2017-04-08 21:11:00",49.8740768432617,2017,"Apr",8,"Sat",21,11
"2017-04-08 21:12:00",49.794979095459,2017,"Apr",8,"Sat",21,12
"2017-04-08 21:13:00",49.8865356445312,2017,"Apr",8,"Sat",21,13
"2017-04-08 21:14:00",49.8757209777832,2017,"Apr",8,"Sat",21,14
"2017-04-08 21:15:00",49.7372894287109,2017,"Apr",8,"Sat",21,15
"2017-04-08 21:16:00",49.8635787963867,2017,"Apr",8,"Sat",21,16
"2017-04-08 21:17:00",49.7949981689453,2017,"Apr",8,"Sat",21,17
"2017-04-08 21:18:00",49.8740768432617,2017,"Apr",8,"Sat",21,18
"2017-04-08 21:19:00",49.8368759155273,2017,"Apr",8,"Sat",21,19
"2017-04-08 21:20:00",49.8708572387695,2017,"Apr",8,"Sat",21,20
"2017-04-08 21:21:00",49.8865356445312,2017,"Apr",8,"Sat",21,21
"2017-04-08 21:22:00",49.6625747680664,2017,"Apr",8,"Sat",21,22
"2017-04-08 21:23:00",49.8368759155273,2017,"Apr",8,"Sat",21,23
"2017-04-08 21:24:00",49.651683807373,2017,"Apr",8,"Sat",21,24
"2017-04-08 21:25:00",49.8368759155273,2017,"Apr",8,"Sat",21,25
"2017-04-08 21:26:00",49.651683807373,2017,"Apr",8,"Sat",21,26
"2017-04-08 21:27:00",49.8368759155273,2017,"Apr",8,"Sat",21,27
"2017-04-08 21:28:00",50.0045356750488,2017,"Apr",8,"Sat",21,28
"2017-04-08 21:29:00",49.6654815673828,2017,"Apr",8,"Sat",21,29
"2017-04-08 21:30:00",49.9495697021484,2017,"Apr",8,"Sat",21,30
"2017-04-08 21:31:00",49.6114273071289,2017,"Apr",8,"Sat",21,31
"2017-04-08 21:32:00",49.9495697021484,2017,"Apr",8,"Sat",21,32
"2017-04-08 21:33:00",49.6114273071289,2017,"Apr",8,"Sat",21,33
"2017-04-08 21:34:00",49.8703651428223,2017,"Apr",8,"Sat",21,34
"2017-04-08 21:35:00",49.9992294311523,2017,"Apr",8,"Sat",21,35
"2017-04-08 21:36:00",49.676700592041,2017,"Apr",8,"Sat",21,36
"2017-04-08 21:37:00",50.2411003112793,2017,"Apr",8,"Sat",21,37
"2017-04-08 21:38:00",49.6861419677734,2017,"Apr",8,"Sat",21,38
"2017-04-08 21:39:00",50.2411003112793,2017,"Apr",8,"Sat",21,39
"2017-04-08 21:40:00",49.6114273071289,2017,"Apr",8,"Sat",21,40
"2017-04-08 21:41:00",49.8703651428223,2017,"Apr",8,"Sat",21,41
"2017-04-08 21:42:00",50.093807220459,2017,"Apr",8,"Sat",21,42
"2017-04-08 21:43:00",49.676700592041,2017,"Apr",8,"Sat",21,43
"2017-04-08 21:44:00",50.0928840637207,2017,"Apr",8,"Sat",21,44
"2017-04-08 21:45:00",49.6861419677734,2017,"Apr",8,"Sat",21,45
"2017-04-08 21:46:00",50.1292915344238,2017,"Apr",8,"Sat",21,46
"2017-04-08 21:47:00",49.6114273071289,2017,"Apr",8,"Sat",21,47
"2017-04-08 21:48:00",49.8082504272461,2017,"Apr",8,"Sat",21,48
"2017-04-08 21:49:00",50.2346839904785,2017,"Apr",8,"Sat",21,49
"2017-04-08 21:50:00",49.748851776123,2017,"Apr",8,"Sat",21,50
"2017-04-08 21:51:00",50.1807632446289,2017,"Apr",8,"Sat",21,51
"2017-04-08 21:52:00",49.7547225952148,2017,"Apr",8,"Sat",21,52
"2017-04-08 21:53:00",50.3289794921875,2017,"Apr",8,"Sat",21,53
"2017-04-08 21:54:00",49.8842239379883,2017,"Apr",8,"Sat",21,54
"2017-04-08 21:55:00",49.9487915039062,2017,"Apr",8,"Sat",21,55
"2017-04-08 21:56:00",49.9408569335938,2017,"Apr",8,"Sat",21,56
"2017-04-08 21:57:00",49.7799758911133,2017,"Apr",8,"Sat",21,57
"2017-04-08 21:58:00",49.9378433227539,2017,"Apr",8,"Sat",21,58
"2017-04-08 21:59:00",49.7547225952148,2017,"Apr",8,"Sat",21,59
"2017-04-08 22:00:00",49.4596977233887,2017,"Apr",8,"Sat",22,0
"2017-04-08 22:01:00",49.8090744018555,2017,"Apr",8,"Sat",22,1
"2017-04-08 22:02:00",50.0383186340332,2017,"Apr",8,"Sat",22,2
"2017-04-08 22:03:00",50.276309967041,2017,"Apr",8,"Sat",22,3
"2017-04-08 22:04:00",49.9979629516602,2017,"Apr",8,"Sat",22,4
"2017-04-08 22:05:00",49.5353660583496,2017,"Apr",8,"Sat",22,5
"2017-04-08 22:06:00",49.8658294677734,2017,"Apr",8,"Sat",22,6
"2017-04-08 22:07:00",49.840389251709,2017,"Apr",8,"Sat",22,7
"2017-04-08 22:08:00",50.0406227111816,2017,"Apr",8,"Sat",22,8
"2017-04-08 22:09:00",49.7231216430664,2017,"Apr",8,"Sat",22,9
"2017-04-08 22:10:00",49.6716842651367,2017,"Apr",8,"Sat",22,10
"2017-04-08 22:11:00",49.9958763122559,2017,"Apr",8,"Sat",22,11
"2017-04-08 22:12:00",49.7048034667969,2017,"Apr",8,"Sat",22,12
"2017-04-08 22:13:00",49.5867042541504,2017,"Apr",8,"Sat",22,13
"2017-04-08 22:14:00",49.7095794677734,2017,"Apr",8,"Sat",22,14
"2017-04-08 22:15:00",49.5917015075684,2017,"Apr",8,"Sat",22,15
"2017-04-08 22:16:00",49.663143157959,2017,"Apr",8,"Sat",22,16
"2017-04-08 22:17:00",49.5646896362305,2017,"Apr",8,"Sat",22,17
"2017-04-08 22:18:00",49.5161933898926,2017,"Apr",8,"Sat",22,18
"2017-04-08 22:19:00",49.445011138916,2017,"Apr",8,"Sat",22,19
"2017-04-08 22:20:00",49.4858245849609,2017,"Apr",8,"Sat",22,20
"2017-04-08 22:21:00",49.7964553833008,2017,"Apr",8,"Sat",22,21
"2017-04-08 22:22:00",49.9297828674316,2017,"Apr",8,"Sat",22,22
"2017-04-08 22:23:00",49.7042274475098,2017,"Apr",8,"Sat",22,23
"2017-04-08 22:24:00",49.4978256225586,2017,"Apr",8,"Sat",22,24
"2017-04-08 22:25:00",49.7603759765625,2017,"Apr",8,"Sat",22,25
"2017-04-08 22:26:00",49.6319885253906,2017,"Apr",8,"Sat",22,26
"2017-04-08 22:27:00",49.6045722961426,2017,"Apr",8,"Sat",22,27
"2017-04-08 22:28:00",49.8163642883301,2017,"Apr",8,"Sat",22,28
"2017-04-08 22:29:00",49.6900024414062,2017,"Apr",8,"Sat",22,29
"2017-04-08 22:30:00",49.5962715148926,2017,"Apr",8,"Sat",22,30
"2017-04-08 22:31:00",49.307975769043,2017,"Apr",8,"Sat",22,31
"2017-04-08 22:32:00",49.7511291503906,2017,"Apr",8,"Sat",22,32
"2017-04-08 22:33:00",49.6001968383789,2017,"Apr",8,"Sat",22,33
"2017-04-08 22:34:00",49.9593048095703,2017,"Apr",8,"Sat",22,34
"2017-04-08 22:35:00",49.7775230407715,2017,"Apr",8,"Sat",22,35
"2017-04-08 22:36:00",49.6241874694824,2017,"Apr",8,"Sat",22,36
"2017-04-08 22:37:00",49.6574478149414,2017,"Apr",8,"Sat",22,37
"2017-04-08 22:38:00",49.7432746887207,2017,"Apr",8,"Sat",22,38
"2017-04-08 22:39:00",49.7585144042969,2017,"Apr",8,"Sat",22,39
"2017-04-08 22:40:00",49.6668548583984,2017,"Apr",8,"Sat",22,40
"2017-04-08 22:41:00",49.5962715148926,2017,"Apr",8,"Sat",22,41
"2017-04-08 22:42:00",49.9175071716309,2017,"Apr",8,"Sat",22,42
"2017-04-08 22:43:00",49.4668922424316,2017,"Apr",8,"Sat",22,43
"2017-04-08 22:44:00",49.4993896484375,2017,"Apr",8,"Sat",22,44
"2017-04-08 22:45:00",49.6915473937988,2017,"Apr",8,"Sat",22,45
"2017-04-08 22:46:00",50.039493560791,2017,"Apr",8,"Sat",22,46
"2017-04-08 22:47:00",49.7578468322754,2017,"Apr",8,"Sat",22,47
"2017-04-08 22:48:00",49.6489334106445,2017,"Apr",8,"Sat",22,48
"2017-04-08 22:49:00",49.8332824707031,2017,"Apr",8,"Sat",22,49
"2017-04-08 22:50:00",49.6319885253906,2017,"Apr",8,"Sat",22,50
"2017-04-08 22:51:00",49.5102233886719,2017,"Apr",8,"Sat",22,51
"2017-04-08 22:52:00",49.7511787414551,2017,"Apr",8,"Sat",22,52
"2017-04-08 22:53:00",49.7991218566895,2017,"Apr",8,"Sat",22,53
"2017-04-08 22:54:00",49.7445259094238,2017,"Apr",8,"Sat",22,54
"2017-04-08 22:55:00",49.3999099731445,2017,"Apr",8,"Sat",22,55
"2017-04-08 22:56:00",49.5161933898926,2017,"Apr",8,"Sat",22,56
"2017-04-08 22:57:00",49.7357559204102,2017,"Apr",8,"Sat",22,57
"2017-04-08 22:58:00",49.9593048095703,2017,"Apr",8,"Sat",22,58
"2017-04-08 22:59:00",49.8233680725098,2017,"Apr",8,"Sat",22,59
"2017-04-08 23:00:00",49.6600723266602,2017,"Apr",8,"Sat",23,0
"2017-04-08 23:01:00",49.4506492614746,2017,"Apr",8,"Sat",23,1
"2017-04-08 23:02:00",49.9631843566895,2017,"Apr",8,"Sat",23,2
"2017-04-08 23:03:00",49.9795112609863,2017,"Apr",8,"Sat",23,3
"2017-04-08 23:04:00",50.0727310180664,2017,"Apr",8,"Sat",23,4
"2017-04-08 23:05:00",49.9623374938965,2017,"Apr",8,"Sat",23,5
"2017-04-08 23:06:00",49.5798988342285,2017,"Apr",8,"Sat",23,6
"2017-04-08 23:07:00",49.8075332641602,2017,"Apr",8,"Sat",23,7
"2017-04-08 23:08:00",49.9973258972168,2017,"Apr",8,"Sat",23,8
"2017-04-08 23:09:00",49.9308815002441,2017,"Apr",8,"Sat",23,9
"2017-04-08 23:10:00",49.9178924560547,2017,"Apr",8,"Sat",23,10
"2017-04-08 23:11:00",49.9085006713867,2017,"Apr",8,"Sat",23,11
"2017-04-08 23:12:00",49.9595336914062,2017,"Apr",8,"Sat",23,12
"2017-04-08 23:13:00",49.9216537475586,2017,"Apr",8,"Sat",23,13
"2017-04-08 23:14:00",49.9933586120605,2017,"Apr",8,"Sat",23,14
"2017-04-08 23:15:00",49.9933586120605,2017,"Apr",8,"Sat",23,15
"2017-04-08 23:16:00",49.9955024719238,2017,"Apr",8,"Sat",23,16
"2017-04-08 23:17:00",49.8649444580078,2017,"Apr",8,"Sat",23,17
"2017-04-08 23:18:00",50.0299186706543,2017,"Apr",8,"Sat",23,18
"2017-04-08 23:19:00",49.8649444580078,2017,"Apr",8,"Sat",23,19
"2017-04-08 23:20:00",49.9933586120605,2017,"Apr",8,"Sat",23,20
"2017-04-08 23:21:00",49.9933586120605,2017,"Apr",8,"Sat",23,21
"2017-04-08 23:22:00",49.9955024719238,2017,"Apr",8,"Sat",23,22
"2017-04-08 23:23:00",49.8628005981445,2017,"Apr",8,"Sat",23,23
"2017-04-08 23:24:00",49.9933586120605,2017,"Apr",8,"Sat",23,24
"2017-04-08 23:25:00",49.9933586120605,2017,"Apr",8,"Sat",23,25
"2017-04-08 23:26:00",49.9955024719238,2017,"Apr",8,"Sat",23,26
"2017-04-08 23:27:00",49.8628005981445,2017,"Apr",8,"Sat",23,27
"2017-04-08 23:28:00",49.9955024719238,2017,"Apr",8,"Sat",23,28
"2017-04-08 23:29:00",49.8649444580078,2017,"Apr",8,"Sat",23,29
"2017-04-08 23:30:00",49.9955024719238,2017,"Apr",8,"Sat",23,30
"2017-04-08 23:31:00",49.8628005981445,2017,"Apr",8,"Sat",23,31
"2017-04-08 23:32:00",49.9955024719238,2017,"Apr",8,"Sat",23,32
"2017-04-08 23:33:00",49.8628005981445,2017,"Apr",8,"Sat",23,33
"2017-04-08 23:34:00",49.9955024719238,2017,"Apr",8,"Sat",23,34
"2017-04-08 23:35:00",49.8649444580078,2017,"Apr",8,"Sat",23,35
"2017-04-08 23:36:00",49.9955024719238,2017,"Apr",8,"Sat",23,36
"2017-04-08 23:37:00",49.8628005981445,2017,"Apr",8,"Sat",23,37
"2017-04-08 23:38:00",49.9955024719238,2017,"Apr",8,"Sat",23,38
"2017-04-08 23:39:00",49.8649444580078,2017,"Apr",8,"Sat",23,39
"2017-04-08 23:40:00",49.9955024719238,2017,"Apr",8,"Sat",23,40
"2017-04-08 23:41:00",49.8628005981445,2017,"Apr",8,"Sat",23,41
"2017-04-08 23:42:00",49.9955024719238,2017,"Apr",8,"Sat",23,42
"2017-04-08 23:43:00",49.8628005981445,2017,"Apr",8,"Sat",23,43
"2017-04-08 23:44:00",49.9955024719238,2017,"Apr",8,"Sat",23,44
"2017-04-08 23:45:00",49.8628005981445,2017,"Apr",8,"Sat",23,45
"2017-04-08 23:46:00",49.9955024719238,2017,"Apr",8,"Sat",23,46
"2017-04-08 23:47:00",49.8628005981445,2017,"Apr",8,"Sat",23,47
"2017-04-08 23:48:00",49.9955024719238,2017,"Apr",8,"Sat",23,48
"2017-04-08 23:49:00",49.8628005981445,2017,"Apr",8,"Sat",23,49
"2017-04-08 23:50:00",49.9955024719238,2017,"Apr",8,"Sat",23,50
"2017-04-08 23:51:00",49.8628005981445,2017,"Apr",8,"Sat",23,51
"2017-04-08 23:52:00",49.9955024719238,2017,"Apr",8,"Sat",23,52
"2017-04-08 23:53:00",49.8628005981445,2017,"Apr",8,"Sat",23,53
"2017-04-08 23:54:00",49.9955024719238,2017,"Apr",8,"Sat",23,54
"2017-04-08 23:55:00",49.8628005981445,2017,"Apr",8,"Sat",23,55
"2017-04-08 23:56:00",49.9955024719238,2017,"Apr",8,"Sat",23,56
"2017-04-08 23:57:00",49.8628005981445,2017,"Apr",8,"Sat",23,57
"2017-04-08 23:58:00",49.9955024719238,2017,"Apr",8,"Sat",23,58
"2017-04-08 23:59:00",49.8628005981445,2017,"Apr",8,"Sat",23,59
